x,y,zone,phase_zone,S21_ang_deg_floqport,unique_name,x_abs,y_abs,top_length_2_mm,top_length_3_mm
0,0,9,9,-218.479861015916,1.7_1.9,0.0,0.0,1.7,1.9
1,0,9,9,-218.479861015916,1.7_1.9,2.367,0.0,1.7,1.9
2,0,9,9,-218.479861015916,1.7_1.9,4.734,0.0,1.7,1.9
3,0,9,9,-218.479861015916,1.7_1.9,7.101,0.0,1.7,1.9
4,0,9,9,-218.479861015916,1.7_1.9,9.468,0.0,1.7,1.9
5,0,9,9,-218.479861015916,1.7_1.9,11.835,0.0,1.7,1.9
6,0,9,9,-218.479861015916,1.7_1.9,14.202,0.0,1.7,1.9
7,0,9,9,-218.479861015916,1.7_1.9,16.569,0.0,1.7,1.9
8,0,9,9,-218.479861015916,1.7_1.9,18.936,0.0,1.7,1.9
9,0,9,9,-218.479861015916,1.7_1.9,21.303,0.0,1.7,1.9
10,0,9,9,-218.479861015916,1.7_1.9,23.67,0.0,1.7,1.9
11,0,9,9,-218.479861015916,1.7_1.9,26.037,0.0,1.7,1.9
12,0,9,9,-218.479861015916,1.7_1.9,28.404,0.0,1.7,1.9
13,0,9,9,-218.479861015916,1.7_1.9,30.771,0.0,1.7,1.9
14,0,9,9,-218.479861015916,1.7_1.9,33.138,0.0,1.7,1.9
15,0,9,9,-218.479861015916,1.7_1.9,35.505,0.0,1.7,1.9
16,0,9,9,-218.479861015916,1.7_1.9,37.872,0.0,1.7,1.9
17,0,9,9,-218.479861015916,1.7_1.9,40.239,0.0,1.7,1.9
18,0,9,9,-218.479861015916,1.7_1.9,42.606,0.0,1.7,1.9
19,0,9,9,-218.479861015916,1.7_1.9,44.973,0.0,1.7,1.9
20,0,9,9,-218.479861015916,1.7_1.9,47.34,0.0,1.7,1.9
21,0,9,9,-218.479861015916,1.7_1.9,49.707,0.0,1.7,1.9
22,0,9,9,-218.479861015916,1.7_1.9,52.074,0.0,1.7,1.9
23,0,9,9,-218.479861015916,1.7_1.9,54.441,0.0,1.7,1.9
24,0,9,9,-218.479861015916,1.7_1.9,56.808,0.0,1.7,1.9
25,0,9,9,-218.479861015916,1.7_1.9,59.175,0.0,1.7,1.9
26,0,9,9,-218.479861015916,1.7_1.9,61.542,0.0,1.7,1.9
27,0,9,9,-218.479861015916,1.7_1.9,63.909,0.0,1.7,1.9
28,0,9,9,-218.479861015916,1.7_1.9,66.276,0.0,1.7,1.9
29,0,9,9,-218.479861015916,1.7_1.9,68.643,0.0,1.7,1.9
30,0,9,9,-218.479861015916,1.7_1.9,71.01,0.0,1.7,1.9
31,0,9,9,-218.479861015916,1.7_1.9,73.377,0.0,1.7,1.9
32,0,9,9,-218.479861015916,1.7_1.9,75.744,0.0,1.7,1.9
0,1,9,9,-218.479861015916,1.7_1.9,0.0,2.367,1.7,1.9
1,1,9,9,-218.479861015916,1.7_1.9,2.367,2.367,1.7,1.9
2,1,9,9,-218.479861015916,1.7_1.9,4.734,2.367,1.7,1.9
3,1,9,9,-218.479861015916,1.7_1.9,7.101,2.367,1.7,1.9
4,1,9,9,-218.479861015916,1.7_1.9,9.468,2.367,1.7,1.9
5,1,9,9,-218.479861015916,1.7_1.9,11.835,2.367,1.7,1.9
6,1,9,9,-218.479861015916,1.7_1.9,14.202,2.367,1.7,1.9
7,1,9,9,-218.479861015916,1.7_1.9,16.569,2.367,1.7,1.9
8,1,9,9,-218.479861015916,1.7_1.9,18.936,2.367,1.7,1.9
9,1,9,9,-218.479861015916,1.7_1.9,21.303,2.367,1.7,1.9
10,1,9,9,-218.479861015916,1.7_1.9,23.67,2.367,1.7,1.9
11,1,9,9,-218.479861015916,1.7_1.9,26.037,2.367,1.7,1.9
12,1,9,9,-218.479861015916,1.7_1.9,28.404,2.367,1.7,1.9
13,1,9,9,-218.479861015916,1.7_1.9,30.771,2.367,1.7,1.9
14,1,9,9,-218.479861015916,1.7_1.9,33.138,2.367,1.7,1.9
15,1,9,9,-218.479861015916,1.7_1.9,35.505,2.367,1.7,1.9
16,1,9,9,-218.479861015916,1.7_1.9,37.872,2.367,1.7,1.9
17,1,9,9,-218.479861015916,1.7_1.9,40.239,2.367,1.7,1.9
18,1,9,9,-218.479861015916,1.7_1.9,42.606,2.367,1.7,1.9
19,1,9,9,-218.479861015916,1.7_1.9,44.973,2.367,1.7,1.9
20,1,9,9,-218.479861015916,1.7_1.9,47.34,2.367,1.7,1.9
21,1,9,9,-218.479861015916,1.7_1.9,49.707,2.367,1.7,1.9
22,1,9,9,-218.479861015916,1.7_1.9,52.074,2.367,1.7,1.9
23,1,9,9,-218.479861015916,1.7_1.9,54.441,2.367,1.7,1.9
24,1,9,9,-218.479861015916,1.7_1.9,56.808,2.367,1.7,1.9
25,1,9,9,-218.479861015916,1.7_1.9,59.175,2.367,1.7,1.9
26,1,9,9,-218.479861015916,1.7_1.9,61.542,2.367,1.7,1.9
27,1,9,9,-218.479861015916,1.7_1.9,63.909,2.367,1.7,1.9
28,1,9,9,-218.479861015916,1.7_1.9,66.276,2.367,1.7,1.9
29,1,9,9,-218.479861015916,1.7_1.9,68.643,2.367,1.7,1.9
30,1,9,9,-218.479861015916,1.7_1.9,71.01,2.367,1.7,1.9
31,1,9,9,-218.479861015916,1.7_1.9,73.377,2.367,1.7,1.9
32,1,9,9,-218.479861015916,1.7_1.9,75.744,2.367,1.7,1.9
0,2,9,9,-218.479861015916,1.7_1.9,0.0,4.734,1.7,1.9
1,2,9,9,-218.479861015916,1.7_1.9,2.367,4.734,1.7,1.9
2,2,9,9,-218.479861015916,1.7_1.9,4.734,4.734,1.7,1.9
3,2,9,9,-218.479861015916,1.7_1.9,7.101,4.734,1.7,1.9
4,2,9,9,-218.479861015916,1.7_1.9,9.468,4.734,1.7,1.9
5,2,9,9,-218.479861015916,1.7_1.9,11.835,4.734,1.7,1.9
6,2,9,9,-218.479861015916,1.7_1.9,14.202,4.734,1.7,1.9
7,2,9,9,-218.479861015916,1.7_1.9,16.569,4.734,1.7,1.9
8,2,9,9,-218.479861015916,1.7_1.9,18.936,4.734,1.7,1.9
9,2,9,9,-218.479861015916,1.7_1.9,21.303,4.734,1.7,1.9
10,2,9,9,-218.479861015916,1.7_1.9,23.67,4.734,1.7,1.9
11,2,9,9,-218.479861015916,1.7_1.9,26.037,4.734,1.7,1.9
12,2,9,9,-218.479861015916,1.7_1.9,28.404,4.734,1.7,1.9
13,2,9,9,-218.479861015916,1.7_1.9,30.771,4.734,1.7,1.9
14,2,9,9,-218.479861015916,1.7_1.9,33.138,4.734,1.7,1.9
15,2,9,9,-218.479861015916,1.7_1.9,35.505,4.734,1.7,1.9
16,2,9,9,-218.479861015916,1.7_1.9,37.872,4.734,1.7,1.9
17,2,9,9,-218.479861015916,1.7_1.9,40.239,4.734,1.7,1.9
18,2,9,9,-218.479861015916,1.7_1.9,42.606,4.734,1.7,1.9
19,2,9,9,-218.479861015916,1.7_1.9,44.973,4.734,1.7,1.9
20,2,9,9,-218.479861015916,1.7_1.9,47.34,4.734,1.7,1.9
21,2,9,9,-218.479861015916,1.7_1.9,49.707,4.734,1.7,1.9
22,2,9,9,-218.479861015916,1.7_1.9,52.074,4.734,1.7,1.9
23,2,9,9,-218.479861015916,1.7_1.9,54.441,4.734,1.7,1.9
24,2,9,9,-218.479861015916,1.7_1.9,56.808,4.734,1.7,1.9
25,2,9,9,-218.479861015916,1.7_1.9,59.175,4.734,1.7,1.9
26,2,9,9,-218.479861015916,1.7_1.9,61.542,4.734,1.7,1.9
27,2,9,9,-218.479861015916,1.7_1.9,63.909,4.734,1.7,1.9
28,2,9,9,-218.479861015916,1.7_1.9,66.276,4.734,1.7,1.9
29,2,9,9,-218.479861015916,1.7_1.9,68.643,4.734,1.7,1.9
30,2,9,9,-218.479861015916,1.7_1.9,71.01,4.734,1.7,1.9
31,2,9,9,-218.479861015916,1.7_1.9,73.377,4.734,1.7,1.9
32,2,9,9,-218.479861015916,1.7_1.9,75.744,4.734,1.7,1.9
0,3,9,9,-218.479861015916,1.7_1.9,0.0,7.101,1.7,1.9
1,3,9,9,-218.479861015916,1.7_1.9,2.367,7.101,1.7,1.9
2,3,9,9,-218.479861015916,1.7_1.9,4.734,7.101,1.7,1.9
3,3,9,9,-218.479861015916,1.7_1.9,7.101,7.101,1.7,1.9
4,3,9,9,-218.479861015916,1.7_1.9,9.468,7.101,1.7,1.9
5,3,9,9,-218.479861015916,1.7_1.9,11.835,7.101,1.7,1.9
6,3,9,9,-218.479861015916,1.7_1.9,14.202,7.101,1.7,1.9
7,3,9,9,-218.479861015916,1.7_1.9,16.569,7.101,1.7,1.9
8,3,9,9,-218.479861015916,1.7_1.9,18.936,7.101,1.7,1.9
9,3,9,9,-218.479861015916,1.7_1.9,21.303,7.101,1.7,1.9
10,3,9,9,-218.479861015916,1.7_1.9,23.67,7.101,1.7,1.9
11,3,9,9,-218.479861015916,1.7_1.9,26.037,7.101,1.7,1.9
12,3,9,9,-218.479861015916,1.7_1.9,28.404,7.101,1.7,1.9
13,3,9,9,-218.479861015916,1.7_1.9,30.771,7.101,1.7,1.9
14,3,9,9,-218.479861015916,1.7_1.9,33.138,7.101,1.7,1.9
15,3,9,9,-218.479861015916,1.7_1.9,35.505,7.101,1.7,1.9
16,3,9,9,-218.479861015916,1.7_1.9,37.872,7.101,1.7,1.9
17,3,9,9,-218.479861015916,1.7_1.9,40.239,7.101,1.7,1.9
18,3,9,9,-218.479861015916,1.7_1.9,42.606,7.101,1.7,1.9
19,3,9,9,-218.479861015916,1.7_1.9,44.973,7.101,1.7,1.9
20,3,9,9,-218.479861015916,1.7_1.9,47.34,7.101,1.7,1.9
21,3,9,9,-218.479861015916,1.7_1.9,49.707,7.101,1.7,1.9
22,3,9,9,-218.479861015916,1.7_1.9,52.074,7.101,1.7,1.9
23,3,9,9,-218.479861015916,1.7_1.9,54.441,7.101,1.7,1.9
24,3,9,9,-218.479861015916,1.7_1.9,56.808,7.101,1.7,1.9
25,3,9,9,-218.479861015916,1.7_1.9,59.175,7.101,1.7,1.9
26,3,9,9,-218.479861015916,1.7_1.9,61.542,7.101,1.7,1.9
27,3,9,9,-218.479861015916,1.7_1.9,63.909,7.101,1.7,1.9
28,3,9,9,-218.479861015916,1.7_1.9,66.276,7.101,1.7,1.9
29,3,9,9,-218.479861015916,1.7_1.9,68.643,7.101,1.7,1.9
30,3,9,9,-218.479861015916,1.7_1.9,71.01,7.101,1.7,1.9
31,3,9,9,-218.479861015916,1.7_1.9,73.377,7.101,1.7,1.9
32,3,9,9,-218.479861015916,1.7_1.9,75.744,7.101,1.7,1.9
0,4,9,9,-218.479861015916,1.7_1.9,0.0,9.468,1.7,1.9
1,4,9,9,-218.479861015916,1.7_1.9,2.367,9.468,1.7,1.9
2,4,9,9,-218.479861015916,1.7_1.9,4.734,9.468,1.7,1.9
3,4,9,9,-218.479861015916,1.7_1.9,7.101,9.468,1.7,1.9
4,4,9,9,-218.479861015916,1.7_1.9,9.468,9.468,1.7,1.9
5,4,9,9,-218.479861015916,1.7_1.9,11.835,9.468,1.7,1.9
6,4,9,9,-218.479861015916,1.7_1.9,14.202,9.468,1.7,1.9
7,4,9,9,-218.479861015916,1.7_1.9,16.569,9.468,1.7,1.9
8,4,9,9,-218.479861015916,1.7_1.9,18.936,9.468,1.7,1.9
9,4,9,9,-218.479861015916,1.7_1.9,21.303,9.468,1.7,1.9
10,4,8,8,-206.003099050179,1.5_1.9,23.67,9.468,1.5,1.9
11,4,8,8,-206.003099050179,1.5_1.9,26.037,9.468,1.5,1.9
12,4,8,8,-206.003099050179,1.5_1.9,28.404,9.468,1.5,1.9
13,4,8,8,-206.003099050179,1.5_1.9,30.771,9.468,1.5,1.9
14,4,8,8,-206.003099050179,1.5_1.9,33.138,9.468,1.5,1.9
15,4,8,8,-206.003099050179,1.5_1.9,35.505,9.468,1.5,1.9
16,4,8,8,-206.003099050179,1.5_1.9,37.872,9.468,1.5,1.9
17,4,8,8,-206.003099050179,1.5_1.9,40.239,9.468,1.5,1.9
18,4,8,8,-206.003099050179,1.5_1.9,42.606,9.468,1.5,1.9
19,4,8,8,-206.003099050179,1.5_1.9,44.973,9.468,1.5,1.9
20,4,8,8,-206.003099050179,1.5_1.9,47.34,9.468,1.5,1.9
21,4,8,8,-206.003099050179,1.5_1.9,49.707,9.468,1.5,1.9
22,4,8,8,-206.003099050179,1.5_1.9,52.074,9.468,1.5,1.9
23,4,9,9,-218.479861015916,1.7_1.9,54.441,9.468,1.7,1.9
24,4,9,9,-218.479861015916,1.7_1.9,56.808,9.468,1.7,1.9
25,4,9,9,-218.479861015916,1.7_1.9,59.175,9.468,1.7,1.9
26,4,9,9,-218.479861015916,1.7_1.9,61.542,9.468,1.7,1.9
27,4,9,9,-218.479861015916,1.7_1.9,63.909,9.468,1.7,1.9
28,4,9,9,-218.479861015916,1.7_1.9,66.276,9.468,1.7,1.9
29,4,9,9,-218.479861015916,1.7_1.9,68.643,9.468,1.7,1.9
30,4,9,9,-218.479861015916,1.7_1.9,71.01,9.468,1.7,1.9
31,4,9,9,-218.479861015916,1.7_1.9,73.377,9.468,1.7,1.9
32,4,9,9,-218.479861015916,1.7_1.9,75.744,9.468,1.7,1.9
0,5,9,9,-218.479861015916,1.7_1.9,0.0,11.835,1.7,1.9
1,5,9,9,-218.479861015916,1.7_1.9,2.367,11.835,1.7,1.9
2,5,9,9,-218.479861015916,1.7_1.9,4.734,11.835,1.7,1.9
3,5,9,9,-218.479861015916,1.7_1.9,7.101,11.835,1.7,1.9
4,5,9,9,-218.479861015916,1.7_1.9,9.468,11.835,1.7,1.9
5,5,9,9,-218.479861015916,1.7_1.9,11.835,11.835,1.7,1.9
6,5,9,9,-218.479861015916,1.7_1.9,14.202,11.835,1.7,1.9
7,5,9,9,-218.479861015916,1.7_1.9,16.569,11.835,1.7,1.9
8,5,9,9,-218.479861015916,1.7_1.9,18.936,11.835,1.7,1.9
9,5,8,8,-206.003099050179,1.5_1.9,21.303,11.835,1.5,1.9
10,5,8,8,-206.003099050179,1.5_1.9,23.67,11.835,1.5,1.9
11,5,8,8,-206.003099050179,1.5_1.9,26.037,11.835,1.5,1.9
12,5,8,8,-206.003099050179,1.5_1.9,28.404,11.835,1.5,1.9
13,5,8,8,-206.003099050179,1.5_1.9,30.771,11.835,1.5,1.9
14,5,8,8,-206.003099050179,1.5_1.9,33.138,11.835,1.5,1.9
15,5,8,8,-206.003099050179,1.5_1.9,35.505,11.835,1.5,1.9
16,5,8,8,-206.003099050179,1.5_1.9,37.872,11.835,1.5,1.9
17,5,8,8,-206.003099050179,1.5_1.9,40.239,11.835,1.5,1.9
18,5,8,8,-206.003099050179,1.5_1.9,42.606,11.835,1.5,1.9
19,5,8,8,-206.003099050179,1.5_1.9,44.973,11.835,1.5,1.9
20,5,8,8,-206.003099050179,1.5_1.9,47.34,11.835,1.5,1.9
21,5,8,8,-206.003099050179,1.5_1.9,49.707,11.835,1.5,1.9
22,5,8,8,-206.003099050179,1.5_1.9,52.074,11.835,1.5,1.9
23,5,8,8,-206.003099050179,1.5_1.9,54.441,11.835,1.5,1.9
24,5,9,9,-218.479861015916,1.7_1.9,56.808,11.835,1.7,1.9
25,5,9,9,-218.479861015916,1.7_1.9,59.175,11.835,1.7,1.9
26,5,9,9,-218.479861015916,1.7_1.9,61.542,11.835,1.7,1.9
27,5,9,9,-218.479861015916,1.7_1.9,63.909,11.835,1.7,1.9
28,5,9,9,-218.479861015916,1.7_1.9,66.276,11.835,1.7,1.9
29,5,9,9,-218.479861015916,1.7_1.9,68.643,11.835,1.7,1.9
30,5,9,9,-218.479861015916,1.7_1.9,71.01,11.835,1.7,1.9
31,5,9,9,-218.479861015916,1.7_1.9,73.377,11.835,1.7,1.9
32,5,9,9,-218.479861015916,1.7_1.9,75.744,11.835,1.7,1.9
0,6,9,9,-218.479861015916,1.7_1.9,0.0,14.202,1.7,1.9
1,6,9,9,-218.479861015916,1.7_1.9,2.367,14.202,1.7,1.9
2,6,9,9,-218.479861015916,1.7_1.9,4.734,14.202,1.7,1.9
3,6,9,9,-218.479861015916,1.7_1.9,7.101,14.202,1.7,1.9
4,6,9,9,-218.479861015916,1.7_1.9,9.468,14.202,1.7,1.9
5,6,9,9,-218.479861015916,1.7_1.9,11.835,14.202,1.7,1.9
6,6,9,9,-218.479861015916,1.7_1.9,14.202,14.202,1.7,1.9
7,6,9,9,-218.479861015916,1.7_1.9,16.569,14.202,1.7,1.9
8,6,8,8,-206.003099050179,1.5_1.9,18.936,14.202,1.5,1.9
9,6,8,8,-206.003099050179,1.5_1.9,21.303,14.202,1.5,1.9
10,6,8,8,-206.003099050179,1.5_1.9,23.67,14.202,1.5,1.9
11,6,8,8,-206.003099050179,1.5_1.9,26.037,14.202,1.5,1.9
12,6,8,8,-206.003099050179,1.5_1.9,28.404,14.202,1.5,1.9
13,6,8,8,-206.003099050179,1.5_1.9,30.771,14.202,1.5,1.9
14,6,8,8,-206.003099050179,1.5_1.9,33.138,14.202,1.5,1.9
15,6,8,8,-206.003099050179,1.5_1.9,35.505,14.202,1.5,1.9
16,6,8,8,-206.003099050179,1.5_1.9,37.872,14.202,1.5,1.9
17,6,8,8,-206.003099050179,1.5_1.9,40.239,14.202,1.5,1.9
18,6,8,8,-206.003099050179,1.5_1.9,42.606,14.202,1.5,1.9
19,6,8,8,-206.003099050179,1.5_1.9,44.973,14.202,1.5,1.9
20,6,8,8,-206.003099050179,1.5_1.9,47.34,14.202,1.5,1.9
21,6,8,8,-206.003099050179,1.5_1.9,49.707,14.202,1.5,1.9
22,6,8,8,-206.003099050179,1.5_1.9,52.074,14.202,1.5,1.9
23,6,8,8,-206.003099050179,1.5_1.9,54.441,14.202,1.5,1.9
24,6,8,8,-206.003099050179,1.5_1.9,56.808,14.202,1.5,1.9
25,6,9,9,-218.479861015916,1.7_1.9,59.175,14.202,1.7,1.9
26,6,9,9,-218.479861015916,1.7_1.9,61.542,14.202,1.7,1.9
27,6,9,9,-218.479861015916,1.7_1.9,63.909,14.202,1.7,1.9
28,6,9,9,-218.479861015916,1.7_1.9,66.276,14.202,1.7,1.9
29,6,9,9,-218.479861015916,1.7_1.9,68.643,14.202,1.7,1.9
30,6,9,9,-218.479861015916,1.7_1.9,71.01,14.202,1.7,1.9
31,6,9,9,-218.479861015916,1.7_1.9,73.377,14.202,1.7,1.9
32,6,9,9,-218.479861015916,1.7_1.9,75.744,14.202,1.7,1.9
0,7,9,9,-218.479861015916,1.7_1.9,0.0,16.569,1.7,1.9
1,7,9,9,-218.479861015916,1.7_1.9,2.367,16.569,1.7,1.9
2,7,9,9,-218.479861015916,1.7_1.9,4.734,16.569,1.7,1.9
3,7,9,9,-218.479861015916,1.7_1.9,7.101,16.569,1.7,1.9
4,7,9,9,-218.479861015916,1.7_1.9,9.468,16.569,1.7,1.9
5,7,9,9,-218.479861015916,1.7_1.9,11.835,16.569,1.7,1.9
6,7,9,9,-218.479861015916,1.7_1.9,14.202,16.569,1.7,1.9
7,7,8,8,-206.003099050179,1.5_1.9,16.569,16.569,1.5,1.9
8,7,8,8,-206.003099050179,1.5_1.9,18.936,16.569,1.5,1.9
9,7,8,8,-206.003099050179,1.5_1.9,21.303,16.569,1.5,1.9
10,7,8,8,-206.003099050179,1.5_1.9,23.67,16.569,1.5,1.9
11,7,8,8,-206.003099050179,1.5_1.9,26.037,16.569,1.5,1.9
12,7,8,8,-206.003099050179,1.5_1.9,28.404,16.569,1.5,1.9
13,7,8,8,-206.003099050179,1.5_1.9,30.771,16.569,1.5,1.9
14,7,8,8,-206.003099050179,1.5_1.9,33.138,16.569,1.5,1.9
15,7,8,8,-206.003099050179,1.5_1.9,35.505,16.569,1.5,1.9
16,7,8,8,-206.003099050179,1.5_1.9,37.872,16.569,1.5,1.9
17,7,8,8,-206.003099050179,1.5_1.9,40.239,16.569,1.5,1.9
18,7,8,8,-206.003099050179,1.5_1.9,42.606,16.569,1.5,1.9
19,7,8,8,-206.003099050179,1.5_1.9,44.973,16.569,1.5,1.9
20,7,8,8,-206.003099050179,1.5_1.9,47.34,16.569,1.5,1.9
21,7,8,8,-206.003099050179,1.5_1.9,49.707,16.569,1.5,1.9
22,7,8,8,-206.003099050179,1.5_1.9,52.074,16.569,1.5,1.9
23,7,8,8,-206.003099050179,1.5_1.9,54.441,16.569,1.5,1.9
24,7,8,8,-206.003099050179,1.5_1.9,56.808,16.569,1.5,1.9
25,7,8,8,-206.003099050179,1.5_1.9,59.175,16.569,1.5,1.9
26,7,9,9,-218.479861015916,1.7_1.9,61.542,16.569,1.7,1.9
27,7,9,9,-218.479861015916,1.7_1.9,63.909,16.569,1.7,1.9
28,7,9,9,-218.479861015916,1.7_1.9,66.276,16.569,1.7,1.9
29,7,9,9,-218.479861015916,1.7_1.9,68.643,16.569,1.7,1.9
30,7,9,9,-218.479861015916,1.7_1.9,71.01,16.569,1.7,1.9
31,7,9,9,-218.479861015916,1.7_1.9,73.377,16.569,1.7,1.9
32,7,9,9,-218.479861015916,1.7_1.9,75.744,16.569,1.7,1.9
0,8,9,9,-218.479861015916,1.7_1.9,0.0,18.936,1.7,1.9
1,8,9,9,-218.479861015916,1.7_1.9,2.367,18.936,1.7,1.9
2,8,9,9,-218.479861015916,1.7_1.9,4.734,18.936,1.7,1.9
3,8,9,9,-218.479861015916,1.7_1.9,7.101,18.936,1.7,1.9
4,8,9,9,-218.479861015916,1.7_1.9,9.468,18.936,1.7,1.9
5,8,9,9,-218.479861015916,1.7_1.9,11.835,18.936,1.7,1.9
6,8,8,8,-206.003099050179,1.5_1.9,14.202,18.936,1.5,1.9
7,8,8,8,-206.003099050179,1.5_1.9,16.569,18.936,1.5,1.9
8,8,8,8,-206.003099050179,1.5_1.9,18.936,18.936,1.5,1.9
9,8,8,8,-206.003099050179,1.5_1.9,21.303,18.936,1.5,1.9
10,8,8,8,-206.003099050179,1.5_1.9,23.67,18.936,1.5,1.9
11,8,7,7,-164.109986003215,1.7_1.7,26.037,18.936,1.7,1.7
12,8,7,7,-164.109986003215,1.7_1.7,28.404,18.936,1.7,1.7
13,8,7,7,-164.109986003215,1.7_1.7,30.771,18.936,1.7,1.7
14,8,7,7,-164.109986003215,1.7_1.7,33.138,18.936,1.7,1.7
15,8,7,7,-164.109986003215,1.7_1.7,35.505,18.936,1.7,1.7
16,8,7,7,-164.109986003215,1.7_1.7,37.872,18.936,1.7,1.7
17,8,7,7,-164.109986003215,1.7_1.7,40.239,18.936,1.7,1.7
18,8,7,7,-164.109986003215,1.7_1.7,42.606,18.936,1.7,1.7
19,8,7,7,-164.109986003215,1.7_1.7,44.973,18.936,1.7,1.7
20,8,7,7,-164.109986003215,1.7_1.7,47.34,18.936,1.7,1.7
21,8,7,7,-164.109986003215,1.7_1.7,49.707,18.936,1.7,1.7
22,8,7,7,-164.109986003215,1.7_1.7,52.074,18.936,1.7,1.7
23,8,8,8,-206.003099050179,1.5_1.9,54.441,18.936,1.5,1.9
24,8,8,8,-206.003099050179,1.5_1.9,56.808,18.936,1.5,1.9
25,8,8,8,-206.003099050179,1.5_1.9,59.175,18.936,1.5,1.9
26,8,8,8,-206.003099050179,1.5_1.9,61.542,18.936,1.5,1.9
27,8,9,9,-218.479861015916,1.7_1.9,63.909,18.936,1.7,1.9
28,8,9,9,-218.479861015916,1.7_1.9,66.276,18.936,1.7,1.9
29,8,9,9,-218.479861015916,1.7_1.9,68.643,18.936,1.7,1.9
30,8,9,9,-218.479861015916,1.7_1.9,71.01,18.936,1.7,1.9
31,8,9,9,-218.479861015916,1.7_1.9,73.377,18.936,1.7,1.9
32,8,9,9,-218.479861015916,1.7_1.9,75.744,18.936,1.7,1.9
0,9,9,9,-218.479861015916,1.7_1.9,0.0,21.303,1.7,1.9
1,9,9,9,-218.479861015916,1.7_1.9,2.367,21.303,1.7,1.9
2,9,9,9,-218.479861015916,1.7_1.9,4.734,21.303,1.7,1.9
3,9,9,9,-218.479861015916,1.7_1.9,7.101,21.303,1.7,1.9
4,9,9,9,-218.479861015916,1.7_1.9,9.468,21.303,1.7,1.9
5,9,8,8,-206.003099050179,1.5_1.9,11.835,21.303,1.5,1.9
6,9,8,8,-206.003099050179,1.5_1.9,14.202,21.303,1.5,1.9
7,9,8,8,-206.003099050179,1.5_1.9,16.569,21.303,1.5,1.9
8,9,8,8,-206.003099050179,1.5_1.9,18.936,21.303,1.5,1.9
9,9,7,7,-164.109986003215,1.7_1.7,21.303,21.303,1.7,1.7
10,9,7,7,-164.109986003215,1.7_1.7,23.67,21.303,1.7,1.7
11,9,7,7,-164.109986003215,1.7_1.7,26.037,21.303,1.7,1.7
12,9,7,7,-164.109986003215,1.7_1.7,28.404,21.303,1.7,1.7
13,9,7,7,-164.109986003215,1.7_1.7,30.771,21.303,1.7,1.7
14,9,7,7,-164.109986003215,1.7_1.7,33.138,21.303,1.7,1.7
15,9,7,7,-164.109986003215,1.7_1.7,35.505,21.303,1.7,1.7
16,9,7,7,-164.109986003215,1.7_1.7,37.872,21.303,1.7,1.7
17,9,7,7,-164.109986003215,1.7_1.7,40.239,21.303,1.7,1.7
18,9,7,7,-164.109986003215,1.7_1.7,42.606,21.303,1.7,1.7
19,9,7,7,-164.109986003215,1.7_1.7,44.973,21.303,1.7,1.7
20,9,7,7,-164.109986003215,1.7_1.7,47.34,21.303,1.7,1.7
21,9,7,7,-164.109986003215,1.7_1.7,49.707,21.303,1.7,1.7
22,9,7,7,-164.109986003215,1.7_1.7,52.074,21.303,1.7,1.7
23,9,7,7,-164.109986003215,1.7_1.7,54.441,21.303,1.7,1.7
24,9,8,8,-206.003099050179,1.5_1.9,56.808,21.303,1.5,1.9
25,9,8,8,-206.003099050179,1.5_1.9,59.175,21.303,1.5,1.9
26,9,8,8,-206.003099050179,1.5_1.9,61.542,21.303,1.5,1.9
27,9,8,8,-206.003099050179,1.5_1.9,63.909,21.303,1.5,1.9
28,9,9,9,-218.479861015916,1.7_1.9,66.276,21.303,1.7,1.9
29,9,9,9,-218.479861015916,1.7_1.9,68.643,21.303,1.7,1.9
30,9,9,9,-218.479861015916,1.7_1.9,71.01,21.303,1.7,1.9
31,9,9,9,-218.479861015916,1.7_1.9,73.377,21.303,1.7,1.9
32,9,9,9,-218.479861015916,1.7_1.9,75.744,21.303,1.7,1.9
0,10,9,9,-218.479861015916,1.7_1.9,0.0,23.67,1.7,1.9
1,10,9,9,-218.479861015916,1.7_1.9,2.367,23.67,1.7,1.9
2,10,9,9,-218.479861015916,1.7_1.9,4.734,23.67,1.7,1.9
3,10,9,9,-218.479861015916,1.7_1.9,7.101,23.67,1.7,1.9
4,10,8,8,-206.003099050179,1.5_1.9,9.468,23.67,1.5,1.9
5,10,8,8,-206.003099050179,1.5_1.9,11.835,23.67,1.5,1.9
6,10,8,8,-206.003099050179,1.5_1.9,14.202,23.67,1.5,1.9
7,10,8,8,-206.003099050179,1.5_1.9,16.569,23.67,1.5,1.9
8,10,7,7,-164.109986003215,1.7_1.7,18.936,23.67,1.7,1.7
9,10,7,7,-164.109986003215,1.7_1.7,21.303,23.67,1.7,1.7
10,10,7,7,-164.109986003215,1.7_1.7,23.67,23.67,1.7,1.7
11,10,7,7,-164.109986003215,1.7_1.7,26.037,23.67,1.7,1.7
12,10,7,7,-164.109986003215,1.7_1.7,28.404,23.67,1.7,1.7
13,10,6,6,-163.045102645397,1.7_0.3,30.771,23.67,1.7,0.3
14,10,6,6,-163.045102645397,1.7_0.3,33.138,23.67,1.7,0.3
15,10,6,6,-163.045102645397,1.7_0.3,35.505,23.67,1.7,0.3
16,10,6,6,-163.045102645397,1.7_0.3,37.872,23.67,1.7,0.3
17,10,6,6,-163.045102645397,1.7_0.3,40.239,23.67,1.7,0.3
18,10,6,6,-163.045102645397,1.7_0.3,42.606,23.67,1.7,0.3
19,10,6,6,-163.045102645397,1.7_0.3,44.973,23.67,1.7,0.3
20,10,6,6,-163.045102645397,1.7_0.3,47.34,23.67,1.7,0.3
21,10,7,7,-164.109986003215,1.7_1.7,49.707,23.67,1.7,1.7
22,10,7,7,-164.109986003215,1.7_1.7,52.074,23.67,1.7,1.7
23,10,7,7,-164.109986003215,1.7_1.7,54.441,23.67,1.7,1.7
24,10,7,7,-164.109986003215,1.7_1.7,56.808,23.67,1.7,1.7
25,10,8,8,-206.003099050179,1.5_1.9,59.175,23.67,1.5,1.9
26,10,8,8,-206.003099050179,1.5_1.9,61.542,23.67,1.5,1.9
27,10,8,8,-206.003099050179,1.5_1.9,63.909,23.67,1.5,1.9
28,10,8,8,-206.003099050179,1.5_1.9,66.276,23.67,1.5,1.9
29,10,9,9,-218.479861015916,1.7_1.9,68.643,23.67,1.7,1.9
30,10,9,9,-218.479861015916,1.7_1.9,71.01,23.67,1.7,1.9
31,10,9,9,-218.479861015916,1.7_1.9,73.377,23.67,1.7,1.9
32,10,9,9,-218.479861015916,1.7_1.9,75.744,23.67,1.7,1.9
0,11,9,9,-218.479861015916,1.7_1.9,0.0,26.037,1.7,1.9
1,11,9,9,-218.479861015916,1.7_1.9,2.367,26.037,1.7,1.9
2,11,9,9,-218.479861015916,1.7_1.9,4.734,26.037,1.7,1.9
3,11,9,9,-218.479861015916,1.7_1.9,7.101,26.037,1.7,1.9
4,11,8,8,-206.003099050179,1.5_1.9,9.468,26.037,1.5,1.9
5,11,8,8,-206.003099050179,1.5_1.9,11.835,26.037,1.5,1.9
6,11,8,8,-206.003099050179,1.5_1.9,14.202,26.037,1.5,1.9
7,11,8,8,-206.003099050179,1.5_1.9,16.569,26.037,1.5,1.9
8,11,7,7,-164.109986003215,1.7_1.7,18.936,26.037,1.7,1.7
9,11,7,7,-164.109986003215,1.7_1.7,21.303,26.037,1.7,1.7
10,11,7,7,-164.109986003215,1.7_1.7,23.67,26.037,1.7,1.7
11,11,6,6,-163.045102645397,1.7_0.3,26.037,26.037,1.7,0.3
12,11,6,6,-163.045102645397,1.7_0.3,28.404,26.037,1.7,0.3
13,11,6,6,-163.045102645397,1.7_0.3,30.771,26.037,1.7,0.3
14,11,6,6,-163.045102645397,1.7_0.3,33.138,26.037,1.7,0.3
15,11,6,6,-163.045102645397,1.7_0.3,35.505,26.037,1.7,0.3
16,11,6,6,-163.045102645397,1.7_0.3,37.872,26.037,1.7,0.3
17,11,6,6,-163.045102645397,1.7_0.3,40.239,26.037,1.7,0.3
18,11,6,6,-163.045102645397,1.7_0.3,42.606,26.037,1.7,0.3
19,11,6,6,-163.045102645397,1.7_0.3,44.973,26.037,1.7,0.3
20,11,6,6,-163.045102645397,1.7_0.3,47.34,26.037,1.7,0.3
21,11,6,6,-163.045102645397,1.7_0.3,49.707,26.037,1.7,0.3
22,11,7,7,-164.109986003215,1.7_1.7,52.074,26.037,1.7,1.7
23,11,7,7,-164.109986003215,1.7_1.7,54.441,26.037,1.7,1.7
24,11,7,7,-164.109986003215,1.7_1.7,56.808,26.037,1.7,1.7
25,11,8,8,-206.003099050179,1.5_1.9,59.175,26.037,1.5,1.9
26,11,8,8,-206.003099050179,1.5_1.9,61.542,26.037,1.5,1.9
27,11,8,8,-206.003099050179,1.5_1.9,63.909,26.037,1.5,1.9
28,11,8,8,-206.003099050179,1.5_1.9,66.276,26.037,1.5,1.9
29,11,9,9,-218.479861015916,1.7_1.9,68.643,26.037,1.7,1.9
30,11,9,9,-218.479861015916,1.7_1.9,71.01,26.037,1.7,1.9
31,11,9,9,-218.479861015916,1.7_1.9,73.377,26.037,1.7,1.9
32,11,9,9,-218.479861015916,1.7_1.9,75.744,26.037,1.7,1.9
0,12,9,9,-218.479861015916,1.7_1.9,0.0,28.404,1.7,1.9
1,12,9,9,-218.479861015916,1.7_1.9,2.367,28.404,1.7,1.9
2,12,9,9,-218.479861015916,1.7_1.9,4.734,28.404,1.7,1.9
3,12,9,9,-218.479861015916,1.7_1.9,7.101,28.404,1.7,1.9
4,12,8,8,-206.003099050179,1.5_1.9,9.468,28.404,1.5,1.9
5,12,8,8,-206.003099050179,1.5_1.9,11.835,28.404,1.5,1.9
6,12,8,8,-206.003099050179,1.5_1.9,14.202,28.404,1.5,1.9
7,12,8,8,-206.003099050179,1.5_1.9,16.569,28.404,1.5,1.9
8,12,7,7,-164.109986003215,1.7_1.7,18.936,28.404,1.7,1.7
9,12,7,7,-164.109986003215,1.7_1.7,21.303,28.404,1.7,1.7
10,12,7,7,-164.109986003215,1.7_1.7,23.67,28.404,1.7,1.7
11,12,6,6,-163.045102645397,1.7_0.3,26.037,28.404,1.7,0.3
12,12,6,6,-163.045102645397,1.7_0.3,28.404,28.404,1.7,0.3
13,12,5,5,-163.011344937936,1.7_0.1,30.771,28.404,1.7,0.1
14,12,5,5,-163.011344937936,1.7_0.1,33.138,28.404,1.7,0.1
15,12,5,5,-163.011344937936,1.7_0.1,35.505,28.404,1.7,0.1
16,12,5,5,-163.011344937936,1.7_0.1,37.872,28.404,1.7,0.1
17,12,5,5,-163.011344937936,1.7_0.1,40.239,28.404,1.7,0.1
18,12,5,5,-163.011344937936,1.7_0.1,42.606,28.404,1.7,0.1
19,12,5,5,-163.011344937936,1.7_0.1,44.973,28.404,1.7,0.1
20,12,5,5,-163.011344937936,1.7_0.1,47.34,28.404,1.7,0.1
21,12,6,6,-163.045102645397,1.7_0.3,49.707,28.404,1.7,0.3
22,12,6,6,-163.045102645397,1.7_0.3,52.074,28.404,1.7,0.3
23,12,7,7,-164.109986003215,1.7_1.7,54.441,28.404,1.7,1.7
24,12,7,7,-164.109986003215,1.7_1.7,56.808,28.404,1.7,1.7
25,12,8,8,-206.003099050179,1.5_1.9,59.175,28.404,1.5,1.9
26,12,8,8,-206.003099050179,1.5_1.9,61.542,28.404,1.5,1.9
27,12,8,8,-206.003099050179,1.5_1.9,63.909,28.404,1.5,1.9
28,12,8,8,-206.003099050179,1.5_1.9,66.276,28.404,1.5,1.9
29,12,9,9,-218.479861015916,1.7_1.9,68.643,28.404,1.7,1.9
30,12,9,9,-218.479861015916,1.7_1.9,71.01,28.404,1.7,1.9
31,12,9,9,-218.479861015916,1.7_1.9,73.377,28.404,1.7,1.9
32,12,9,9,-218.479861015916,1.7_1.9,75.744,28.404,1.7,1.9
0,13,9,9,-218.479861015916,1.7_1.9,0.0,30.771,1.7,1.9
1,13,9,9,-218.479861015916,1.7_1.9,2.367,30.771,1.7,1.9
2,13,9,9,-218.479861015916,1.7_1.9,4.734,30.771,1.7,1.9
3,13,9,9,-218.479861015916,1.7_1.9,7.101,30.771,1.7,1.9
4,13,8,8,-206.003099050179,1.5_1.9,9.468,30.771,1.5,1.9
5,13,8,8,-206.003099050179,1.5_1.9,11.835,30.771,1.5,1.9
6,13,8,8,-206.003099050179,1.5_1.9,14.202,30.771,1.5,1.9
7,13,8,8,-206.003099050179,1.5_1.9,16.569,30.771,1.5,1.9
8,13,7,7,-164.109986003215,1.7_1.7,18.936,30.771,1.7,1.7
9,13,7,7,-164.109986003215,1.7_1.7,21.303,30.771,1.7,1.7
10,13,6,6,-163.045102645397,1.7_0.3,23.67,30.771,1.7,0.3
11,13,6,6,-163.045102645397,1.7_0.3,26.037,30.771,1.7,0.3
12,13,5,5,-163.011344937936,1.7_0.1,28.404,30.771,1.7,0.1
13,13,5,5,-163.011344937936,1.7_0.1,30.771,30.771,1.7,0.1
14,13,5,5,-163.011344937936,1.7_0.1,33.138,30.771,1.7,0.1
15,13,5,5,-163.011344937936,1.7_0.1,35.505,30.771,1.7,0.1
16,13,5,5,-163.011344937936,1.7_0.1,37.872,30.771,1.7,0.1
17,13,5,5,-163.011344937936,1.7_0.1,40.239,30.771,1.7,0.1
18,13,5,5,-163.011344937936,1.7_0.1,42.606,30.771,1.7,0.1
19,13,5,5,-163.011344937936,1.7_0.1,44.973,30.771,1.7,0.1
20,13,5,5,-163.011344937936,1.7_0.1,47.34,30.771,1.7,0.1
21,13,5,5,-163.011344937936,1.7_0.1,49.707,30.771,1.7,0.1
22,13,6,6,-163.045102645397,1.7_0.3,52.074,30.771,1.7,0.3
23,13,6,6,-163.045102645397,1.7_0.3,54.441,30.771,1.7,0.3
24,13,7,7,-164.109986003215,1.7_1.7,56.808,30.771,1.7,1.7
25,13,7,7,-164.109986003215,1.7_1.7,59.175,30.771,1.7,1.7
26,13,8,8,-206.003099050179,1.5_1.9,61.542,30.771,1.5,1.9
27,13,8,8,-206.003099050179,1.5_1.9,63.909,30.771,1.5,1.9
28,13,8,8,-206.003099050179,1.5_1.9,66.276,30.771,1.5,1.9
29,13,9,9,-218.479861015916,1.7_1.9,68.643,30.771,1.7,1.9
30,13,9,9,-218.479861015916,1.7_1.9,71.01,30.771,1.7,1.9
31,13,9,9,-218.479861015916,1.7_1.9,73.377,30.771,1.7,1.9
32,13,9,9,-218.479861015916,1.7_1.9,75.744,30.771,1.7,1.9
0,14,9,9,-218.479861015916,1.7_1.9,0.0,33.138,1.7,1.9
1,14,9,9,-218.479861015916,1.7_1.9,2.367,33.138,1.7,1.9
2,14,9,9,-218.479861015916,1.7_1.9,4.734,33.138,1.7,1.9
3,14,9,9,-218.479861015916,1.7_1.9,7.101,33.138,1.7,1.9
4,14,8,8,-206.003099050179,1.5_1.9,9.468,33.138,1.5,1.9
5,14,8,8,-206.003099050179,1.5_1.9,11.835,33.138,1.5,1.9
6,14,8,8,-206.003099050179,1.5_1.9,14.202,33.138,1.5,1.9
7,14,8,8,-206.003099050179,1.5_1.9,16.569,33.138,1.5,1.9
8,14,7,7,-164.109986003215,1.7_1.7,18.936,33.138,1.7,1.7
9,14,7,7,-164.109986003215,1.7_1.7,21.303,33.138,1.7,1.7
10,14,6,6,-163.045102645397,1.7_0.3,23.67,33.138,1.7,0.3
11,14,6,6,-163.045102645397,1.7_0.3,26.037,33.138,1.7,0.3
12,14,5,5,-163.011344937936,1.7_0.1,28.404,33.138,1.7,0.1
13,14,5,5,-163.011344937936,1.7_0.1,30.771,33.138,1.7,0.1
14,14,4,4,-162.370422269906,1.7_0.5,33.138,33.138,1.7,0.5
15,14,4,4,-162.370422269906,1.7_0.5,35.505,33.138,1.7,0.5
16,14,4,4,-162.370422269906,1.7_0.5,37.872,33.138,1.7,0.5
17,14,4,4,-162.370422269906,1.7_0.5,40.239,33.138,1.7,0.5
18,14,4,4,-162.370422269906,1.7_0.5,42.606,33.138,1.7,0.5
19,14,4,4,-162.370422269906,1.7_0.5,44.973,33.138,1.7,0.5
20,14,4,4,-162.370422269906,1.7_0.5,47.34,33.138,1.7,0.5
21,14,5,5,-163.011344937936,1.7_0.1,49.707,33.138,1.7,0.1
22,14,5,5,-163.011344937936,1.7_0.1,52.074,33.138,1.7,0.1
23,14,6,6,-163.045102645397,1.7_0.3,54.441,33.138,1.7,0.3
24,14,6,6,-163.045102645397,1.7_0.3,56.808,33.138,1.7,0.3
25,14,7,7,-164.109986003215,1.7_1.7,59.175,33.138,1.7,1.7
26,14,7,7,-164.109986003215,1.7_1.7,61.542,33.138,1.7,1.7
27,14,8,8,-206.003099050179,1.5_1.9,63.909,33.138,1.5,1.9
28,14,8,8,-206.003099050179,1.5_1.9,66.276,33.138,1.5,1.9
29,14,8,8,-206.003099050179,1.5_1.9,68.643,33.138,1.5,1.9
30,14,9,9,-218.479861015916,1.7_1.9,71.01,33.138,1.7,1.9
31,14,9,9,-218.479861015916,1.7_1.9,73.377,33.138,1.7,1.9
32,14,9,9,-218.479861015916,1.7_1.9,75.744,33.138,1.7,1.9
0,15,9,9,-218.479861015916,1.7_1.9,0.0,35.505,1.7,1.9
1,15,9,9,-218.479861015916,1.7_1.9,2.367,35.505,1.7,1.9
2,15,9,9,-218.479861015916,1.7_1.9,4.734,35.505,1.7,1.9
3,15,9,9,-218.479861015916,1.7_1.9,7.101,35.505,1.7,1.9
4,15,8,8,-206.003099050179,1.5_1.9,9.468,35.505,1.5,1.9
5,15,8,8,-206.003099050179,1.5_1.9,11.835,35.505,1.5,1.9
6,15,8,8,-206.003099050179,1.5_1.9,14.202,35.505,1.5,1.9
7,15,8,8,-206.003099050179,1.5_1.9,16.569,35.505,1.5,1.9
8,15,7,7,-164.109986003215,1.7_1.7,18.936,35.505,1.7,1.7
9,15,7,7,-164.109986003215,1.7_1.7,21.303,35.505,1.7,1.7
10,15,6,6,-163.045102645397,1.7_0.3,23.67,35.505,1.7,0.3
11,15,6,6,-163.045102645397,1.7_0.3,26.037,35.505,1.7,0.3
12,15,5,5,-163.011344937936,1.7_0.1,28.404,35.505,1.7,0.1
13,15,5,5,-163.011344937936,1.7_0.1,30.771,35.505,1.7,0.1
14,15,4,4,-162.370422269906,1.7_0.5,33.138,35.505,1.7,0.5
15,15,3,3,-162.243395584195,1.7_0.7,35.505,35.505,1.7,0.7
16,15,3,3,-162.243395584195,1.7_0.7,37.872,35.505,1.7,0.7
17,15,3,3,-162.243395584195,1.7_0.7,40.239,35.505,1.7,0.7
18,15,3,3,-162.243395584195,1.7_0.7,42.606,35.505,1.7,0.7
19,15,3,3,-162.243395584195,1.7_0.7,44.973,35.505,1.7,0.7
20,15,4,4,-162.370422269906,1.7_0.5,47.34,35.505,1.7,0.5
21,15,5,5,-163.011344937936,1.7_0.1,49.707,35.505,1.7,0.1
22,15,5,5,-163.011344937936,1.7_0.1,52.074,35.505,1.7,0.1
23,15,6,6,-163.045102645397,1.7_0.3,54.441,35.505,1.7,0.3
24,15,6,6,-163.045102645397,1.7_0.3,56.808,35.505,1.7,0.3
25,15,7,7,-164.109986003215,1.7_1.7,59.175,35.505,1.7,1.7
26,15,7,7,-164.109986003215,1.7_1.7,61.542,35.505,1.7,1.7
27,15,8,8,-206.003099050179,1.5_1.9,63.909,35.505,1.5,1.9
28,15,8,8,-206.003099050179,1.5_1.9,66.276,35.505,1.5,1.9
29,15,8,8,-206.003099050179,1.5_1.9,68.643,35.505,1.5,1.9
30,15,9,9,-218.479861015916,1.7_1.9,71.01,35.505,1.7,1.9
31,15,9,9,-218.479861015916,1.7_1.9,73.377,35.505,1.7,1.9
32,15,9,9,-218.479861015916,1.7_1.9,75.744,35.505,1.7,1.9
0,16,9,9,-218.479861015916,1.7_1.9,0.0,37.872,1.7,1.9
1,16,9,9,-218.479861015916,1.7_1.9,2.367,37.872,1.7,1.9
2,16,9,9,-218.479861015916,1.7_1.9,4.734,37.872,1.7,1.9
3,16,9,9,-218.479861015916,1.7_1.9,7.101,37.872,1.7,1.9
4,16,8,8,-206.003099050179,1.5_1.9,9.468,37.872,1.5,1.9
5,16,8,8,-206.003099050179,1.5_1.9,11.835,37.872,1.5,1.9
6,16,8,8,-206.003099050179,1.5_1.9,14.202,37.872,1.5,1.9
7,16,8,8,-206.003099050179,1.5_1.9,16.569,37.872,1.5,1.9
8,16,7,7,-164.109986003215,1.7_1.7,18.936,37.872,1.7,1.7
9,16,7,7,-164.109986003215,1.7_1.7,21.303,37.872,1.7,1.7
10,16,6,6,-163.045102645397,1.7_0.3,23.67,37.872,1.7,0.3
11,16,6,6,-163.045102645397,1.7_0.3,26.037,37.872,1.7,0.3
12,16,5,5,-163.011344937936,1.7_0.1,28.404,37.872,1.7,0.1
13,16,5,5,-163.011344937936,1.7_0.1,30.771,37.872,1.7,0.1
14,16,4,4,-162.370422269906,1.7_0.5,33.138,37.872,1.7,0.5
15,16,3,3,-162.243395584195,1.7_0.7,35.505,37.872,1.7,0.7
16,16,2,2,-158.859685619467,1.7_0.9,37.872,37.872,1.7,0.9
17,16,2,2,-158.859685619467,1.7_0.9,40.239,37.872,1.7,0.9
18,16,2,2,-158.859685619467,1.7_0.9,42.606,37.872,1.7,0.9
19,16,3,3,-162.243395584195,1.7_0.7,44.973,37.872,1.7,0.7
20,16,4,4,-162.370422269906,1.7_0.5,47.34,37.872,1.7,0.5
21,16,5,5,-163.011344937936,1.7_0.1,49.707,37.872,1.7,0.1
22,16,5,5,-163.011344937936,1.7_0.1,52.074,37.872,1.7,0.1
23,16,6,6,-163.045102645397,1.7_0.3,54.441,37.872,1.7,0.3
24,16,6,6,-163.045102645397,1.7_0.3,56.808,37.872,1.7,0.3
25,16,7,7,-164.109986003215,1.7_1.7,59.175,37.872,1.7,1.7
26,16,7,7,-164.109986003215,1.7_1.7,61.542,37.872,1.7,1.7
27,16,8,8,-206.003099050179,1.5_1.9,63.909,37.872,1.5,1.9
28,16,8,8,-206.003099050179,1.5_1.9,66.276,37.872,1.5,1.9
29,16,8,8,-206.003099050179,1.5_1.9,68.643,37.872,1.5,1.9
30,16,9,9,-218.479861015916,1.7_1.9,71.01,37.872,1.7,1.9
31,16,9,9,-218.479861015916,1.7_1.9,73.377,37.872,1.7,1.9
32,16,9,9,-218.479861015916,1.7_1.9,75.744,37.872,1.7,1.9
0,17,9,9,-218.479861015916,1.7_1.9,0.0,40.239,1.7,1.9
1,17,9,9,-218.479861015916,1.7_1.9,2.367,40.239,1.7,1.9
2,17,9,9,-218.479861015916,1.7_1.9,4.734,40.239,1.7,1.9
3,17,9,9,-218.479861015916,1.7_1.9,7.101,40.239,1.7,1.9
4,17,8,8,-206.003099050179,1.5_1.9,9.468,40.239,1.5,1.9
5,17,8,8,-206.003099050179,1.5_1.9,11.835,40.239,1.5,1.9
6,17,8,8,-206.003099050179,1.5_1.9,14.202,40.239,1.5,1.9
7,17,8,8,-206.003099050179,1.5_1.9,16.569,40.239,1.5,1.9
8,17,7,7,-164.109986003215,1.7_1.7,18.936,40.239,1.7,1.7
9,17,7,7,-164.109986003215,1.7_1.7,21.303,40.239,1.7,1.7
10,17,6,6,-163.045102645397,1.7_0.3,23.67,40.239,1.7,0.3
11,17,6,6,-163.045102645397,1.7_0.3,26.037,40.239,1.7,0.3
12,17,5,5,-163.011344937936,1.7_0.1,28.404,40.239,1.7,0.1
13,17,5,5,-163.011344937936,1.7_0.1,30.771,40.239,1.7,0.1
14,17,4,4,-162.370422269906,1.7_0.5,33.138,40.239,1.7,0.5
15,17,3,3,-162.243395584195,1.7_0.7,35.505,40.239,1.7,0.7
16,17,2,2,-158.859685619467,1.7_0.9,37.872,40.239,1.7,0.9
17,17,1,1,-154.633998955782,1.7_1.1,40.239,40.239,1.7,1.1
18,17,2,2,-158.859685619467,1.7_0.9,42.606,40.239,1.7,0.9
19,17,3,3,-162.243395584195,1.7_0.7,44.973,40.239,1.7,0.7
20,17,4,4,-162.370422269906,1.7_0.5,47.34,40.239,1.7,0.5
21,17,5,5,-163.011344937936,1.7_0.1,49.707,40.239,1.7,0.1
22,17,5,5,-163.011344937936,1.7_0.1,52.074,40.239,1.7,0.1
23,17,6,6,-163.045102645397,1.7_0.3,54.441,40.239,1.7,0.3
24,17,6,6,-163.045102645397,1.7_0.3,56.808,40.239,1.7,0.3
25,17,7,7,-164.109986003215,1.7_1.7,59.175,40.239,1.7,1.7
26,17,7,7,-164.109986003215,1.7_1.7,61.542,40.239,1.7,1.7
27,17,8,8,-206.003099050179,1.5_1.9,63.909,40.239,1.5,1.9
28,17,8,8,-206.003099050179,1.5_1.9,66.276,40.239,1.5,1.9
29,17,8,8,-206.003099050179,1.5_1.9,68.643,40.239,1.5,1.9
30,17,9,9,-218.479861015916,1.7_1.9,71.01,40.239,1.7,1.9
31,17,9,9,-218.479861015916,1.7_1.9,73.377,40.239,1.7,1.9
32,17,9,9,-218.479861015916,1.7_1.9,75.744,40.239,1.7,1.9
0,18,9,9,-218.479861015916,1.7_1.9,0.0,42.606,1.7,1.9
1,18,9,9,-218.479861015916,1.7_1.9,2.367,42.606,1.7,1.9
2,18,9,9,-218.479861015916,1.7_1.9,4.734,42.606,1.7,1.9
3,18,9,9,-218.479861015916,1.7_1.9,7.101,42.606,1.7,1.9
4,18,8,8,-206.003099050179,1.5_1.9,9.468,42.606,1.5,1.9
5,18,8,8,-206.003099050179,1.5_1.9,11.835,42.606,1.5,1.9
6,18,8,8,-206.003099050179,1.5_1.9,14.202,42.606,1.5,1.9
7,18,8,8,-206.003099050179,1.5_1.9,16.569,42.606,1.5,1.9
8,18,7,7,-164.109986003215,1.7_1.7,18.936,42.606,1.7,1.7
9,18,7,7,-164.109986003215,1.7_1.7,21.303,42.606,1.7,1.7
10,18,6,6,-163.045102645397,1.7_0.3,23.67,42.606,1.7,0.3
11,18,6,6,-163.045102645397,1.7_0.3,26.037,42.606,1.7,0.3
12,18,5,5,-163.011344937936,1.7_0.1,28.404,42.606,1.7,0.1
13,18,5,5,-163.011344937936,1.7_0.1,30.771,42.606,1.7,0.1
14,18,4,4,-162.370422269906,1.7_0.5,33.138,42.606,1.7,0.5
15,18,3,3,-162.243395584195,1.7_0.7,35.505,42.606,1.7,0.7
16,18,2,2,-158.859685619467,1.7_0.9,37.872,42.606,1.7,0.9
17,18,2,2,-158.859685619467,1.7_0.9,40.239,42.606,1.7,0.9
18,18,2,2,-158.859685619467,1.7_0.9,42.606,42.606,1.7,0.9
19,18,3,3,-162.243395584195,1.7_0.7,44.973,42.606,1.7,0.7
20,18,4,4,-162.370422269906,1.7_0.5,47.34,42.606,1.7,0.5
21,18,5,5,-163.011344937936,1.7_0.1,49.707,42.606,1.7,0.1
22,18,5,5,-163.011344937936,1.7_0.1,52.074,42.606,1.7,0.1
23,18,6,6,-163.045102645397,1.7_0.3,54.441,42.606,1.7,0.3
24,18,6,6,-163.045102645397,1.7_0.3,56.808,42.606,1.7,0.3
25,18,7,7,-164.109986003215,1.7_1.7,59.175,42.606,1.7,1.7
26,18,7,7,-164.109986003215,1.7_1.7,61.542,42.606,1.7,1.7
27,18,8,8,-206.003099050179,1.5_1.9,63.909,42.606,1.5,1.9
28,18,8,8,-206.003099050179,1.5_1.9,66.276,42.606,1.5,1.9
29,18,8,8,-206.003099050179,1.5_1.9,68.643,42.606,1.5,1.9
30,18,9,9,-218.479861015916,1.7_1.9,71.01,42.606,1.7,1.9
31,18,9,9,-218.479861015916,1.7_1.9,73.377,42.606,1.7,1.9
32,18,9,9,-218.479861015916,1.7_1.9,75.744,42.606,1.7,1.9
0,19,9,9,-218.479861015916,1.7_1.9,0.0,44.973,1.7,1.9
1,19,9,9,-218.479861015916,1.7_1.9,2.367,44.973,1.7,1.9
2,19,9,9,-218.479861015916,1.7_1.9,4.734,44.973,1.7,1.9
3,19,9,9,-218.479861015916,1.7_1.9,7.101,44.973,1.7,1.9
4,19,8,8,-206.003099050179,1.5_1.9,9.468,44.973,1.5,1.9
5,19,8,8,-206.003099050179,1.5_1.9,11.835,44.973,1.5,1.9
6,19,8,8,-206.003099050179,1.5_1.9,14.202,44.973,1.5,1.9
7,19,8,8,-206.003099050179,1.5_1.9,16.569,44.973,1.5,1.9
8,19,7,7,-164.109986003215,1.7_1.7,18.936,44.973,1.7,1.7
9,19,7,7,-164.109986003215,1.7_1.7,21.303,44.973,1.7,1.7
10,19,6,6,-163.045102645397,1.7_0.3,23.67,44.973,1.7,0.3
11,19,6,6,-163.045102645397,1.7_0.3,26.037,44.973,1.7,0.3
12,19,5,5,-163.011344937936,1.7_0.1,28.404,44.973,1.7,0.1
13,19,5,5,-163.011344937936,1.7_0.1,30.771,44.973,1.7,0.1
14,19,4,4,-162.370422269906,1.7_0.5,33.138,44.973,1.7,0.5
15,19,3,3,-162.243395584195,1.7_0.7,35.505,44.973,1.7,0.7
16,19,3,3,-162.243395584195,1.7_0.7,37.872,44.973,1.7,0.7
17,19,3,3,-162.243395584195,1.7_0.7,40.239,44.973,1.7,0.7
18,19,3,3,-162.243395584195,1.7_0.7,42.606,44.973,1.7,0.7
19,19,3,3,-162.243395584195,1.7_0.7,44.973,44.973,1.7,0.7
20,19,4,4,-162.370422269906,1.7_0.5,47.34,44.973,1.7,0.5
21,19,5,5,-163.011344937936,1.7_0.1,49.707,44.973,1.7,0.1
22,19,5,5,-163.011344937936,1.7_0.1,52.074,44.973,1.7,0.1
23,19,6,6,-163.045102645397,1.7_0.3,54.441,44.973,1.7,0.3
24,19,6,6,-163.045102645397,1.7_0.3,56.808,44.973,1.7,0.3
25,19,7,7,-164.109986003215,1.7_1.7,59.175,44.973,1.7,1.7
26,19,7,7,-164.109986003215,1.7_1.7,61.542,44.973,1.7,1.7
27,19,8,8,-206.003099050179,1.5_1.9,63.909,44.973,1.5,1.9
28,19,8,8,-206.003099050179,1.5_1.9,66.276,44.973,1.5,1.9
29,19,8,8,-206.003099050179,1.5_1.9,68.643,44.973,1.5,1.9
30,19,9,9,-218.479861015916,1.7_1.9,71.01,44.973,1.7,1.9
31,19,9,9,-218.479861015916,1.7_1.9,73.377,44.973,1.7,1.9
32,19,9,9,-218.479861015916,1.7_1.9,75.744,44.973,1.7,1.9
0,20,9,9,-218.479861015916,1.7_1.9,0.0,47.34,1.7,1.9
1,20,9,9,-218.479861015916,1.7_1.9,2.367,47.34,1.7,1.9
2,20,9,9,-218.479861015916,1.7_1.9,4.734,47.34,1.7,1.9
3,20,9,9,-218.479861015916,1.7_1.9,7.101,47.34,1.7,1.9
4,20,8,8,-206.003099050179,1.5_1.9,9.468,47.34,1.5,1.9
5,20,8,8,-206.003099050179,1.5_1.9,11.835,47.34,1.5,1.9
6,20,8,8,-206.003099050179,1.5_1.9,14.202,47.34,1.5,1.9
7,20,8,8,-206.003099050179,1.5_1.9,16.569,47.34,1.5,1.9
8,20,7,7,-164.109986003215,1.7_1.7,18.936,47.34,1.7,1.7
9,20,7,7,-164.109986003215,1.7_1.7,21.303,47.34,1.7,1.7
10,20,6,6,-163.045102645397,1.7_0.3,23.67,47.34,1.7,0.3
11,20,6,6,-163.045102645397,1.7_0.3,26.037,47.34,1.7,0.3
12,20,5,5,-163.011344937936,1.7_0.1,28.404,47.34,1.7,0.1
13,20,5,5,-163.011344937936,1.7_0.1,30.771,47.34,1.7,0.1
14,20,4,4,-162.370422269906,1.7_0.5,33.138,47.34,1.7,0.5
15,20,4,4,-162.370422269906,1.7_0.5,35.505,47.34,1.7,0.5
16,20,4,4,-162.370422269906,1.7_0.5,37.872,47.34,1.7,0.5
17,20,4,4,-162.370422269906,1.7_0.5,40.239,47.34,1.7,0.5
18,20,4,4,-162.370422269906,1.7_0.5,42.606,47.34,1.7,0.5
19,20,4,4,-162.370422269906,1.7_0.5,44.973,47.34,1.7,0.5
20,20,4,4,-162.370422269906,1.7_0.5,47.34,47.34,1.7,0.5
21,20,5,5,-163.011344937936,1.7_0.1,49.707,47.34,1.7,0.1
22,20,5,5,-163.011344937936,1.7_0.1,52.074,47.34,1.7,0.1
23,20,6,6,-163.045102645397,1.7_0.3,54.441,47.34,1.7,0.3
24,20,6,6,-163.045102645397,1.7_0.3,56.808,47.34,1.7,0.3
25,20,7,7,-164.109986003215,1.7_1.7,59.175,47.34,1.7,1.7
26,20,7,7,-164.109986003215,1.7_1.7,61.542,47.34,1.7,1.7
27,20,8,8,-206.003099050179,1.5_1.9,63.909,47.34,1.5,1.9
28,20,8,8,-206.003099050179,1.5_1.9,66.276,47.34,1.5,1.9
29,20,8,8,-206.003099050179,1.5_1.9,68.643,47.34,1.5,1.9
30,20,9,9,-218.479861015916,1.7_1.9,71.01,47.34,1.7,1.9
31,20,9,9,-218.479861015916,1.7_1.9,73.377,47.34,1.7,1.9
32,20,9,9,-218.479861015916,1.7_1.9,75.744,47.34,1.7,1.9
0,21,9,9,-218.479861015916,1.7_1.9,0.0,49.707,1.7,1.9
1,21,9,9,-218.479861015916,1.7_1.9,2.367,49.707,1.7,1.9
2,21,9,9,-218.479861015916,1.7_1.9,4.734,49.707,1.7,1.9
3,21,9,9,-218.479861015916,1.7_1.9,7.101,49.707,1.7,1.9
4,21,8,8,-206.003099050179,1.5_1.9,9.468,49.707,1.5,1.9
5,21,8,8,-206.003099050179,1.5_1.9,11.835,49.707,1.5,1.9
6,21,8,8,-206.003099050179,1.5_1.9,14.202,49.707,1.5,1.9
7,21,8,8,-206.003099050179,1.5_1.9,16.569,49.707,1.5,1.9
8,21,7,7,-164.109986003215,1.7_1.7,18.936,49.707,1.7,1.7
9,21,7,7,-164.109986003215,1.7_1.7,21.303,49.707,1.7,1.7
10,21,6,6,-163.045102645397,1.7_0.3,23.67,49.707,1.7,0.3
11,21,6,6,-163.045102645397,1.7_0.3,26.037,49.707,1.7,0.3
12,21,5,5,-163.011344937936,1.7_0.1,28.404,49.707,1.7,0.1
13,21,5,5,-163.011344937936,1.7_0.1,30.771,49.707,1.7,0.1
14,21,5,5,-163.011344937936,1.7_0.1,33.138,49.707,1.7,0.1
15,21,5,5,-163.011344937936,1.7_0.1,35.505,49.707,1.7,0.1
16,21,5,5,-163.011344937936,1.7_0.1,37.872,49.707,1.7,0.1
17,21,5,5,-163.011344937936,1.7_0.1,40.239,49.707,1.7,0.1
18,21,5,5,-163.011344937936,1.7_0.1,42.606,49.707,1.7,0.1
19,21,5,5,-163.011344937936,1.7_0.1,44.973,49.707,1.7,0.1
20,21,5,5,-163.011344937936,1.7_0.1,47.34,49.707,1.7,0.1
21,21,5,5,-163.011344937936,1.7_0.1,49.707,49.707,1.7,0.1
22,21,6,6,-163.045102645397,1.7_0.3,52.074,49.707,1.7,0.3
23,21,6,6,-163.045102645397,1.7_0.3,54.441,49.707,1.7,0.3
24,21,7,7,-164.109986003215,1.7_1.7,56.808,49.707,1.7,1.7
25,21,7,7,-164.109986003215,1.7_1.7,59.175,49.707,1.7,1.7
26,21,8,8,-206.003099050179,1.5_1.9,61.542,49.707,1.5,1.9
27,21,8,8,-206.003099050179,1.5_1.9,63.909,49.707,1.5,1.9
28,21,8,8,-206.003099050179,1.5_1.9,66.276,49.707,1.5,1.9
29,21,9,9,-218.479861015916,1.7_1.9,68.643,49.707,1.7,1.9
30,21,9,9,-218.479861015916,1.7_1.9,71.01,49.707,1.7,1.9
31,21,9,9,-218.479861015916,1.7_1.9,73.377,49.707,1.7,1.9
32,21,9,9,-218.479861015916,1.7_1.9,75.744,49.707,1.7,1.9
0,22,9,9,-218.479861015916,1.7_1.9,0.0,52.074,1.7,1.9
1,22,9,9,-218.479861015916,1.7_1.9,2.367,52.074,1.7,1.9
2,22,9,9,-218.479861015916,1.7_1.9,4.734,52.074,1.7,1.9
3,22,9,9,-218.479861015916,1.7_1.9,7.101,52.074,1.7,1.9
4,22,8,8,-206.003099050179,1.5_1.9,9.468,52.074,1.5,1.9
5,22,8,8,-206.003099050179,1.5_1.9,11.835,52.074,1.5,1.9
6,22,8,8,-206.003099050179,1.5_1.9,14.202,52.074,1.5,1.9
7,22,8,8,-206.003099050179,1.5_1.9,16.569,52.074,1.5,1.9
8,22,7,7,-164.109986003215,1.7_1.7,18.936,52.074,1.7,1.7
9,22,7,7,-164.109986003215,1.7_1.7,21.303,52.074,1.7,1.7
10,22,7,7,-164.109986003215,1.7_1.7,23.67,52.074,1.7,1.7
11,22,6,6,-163.045102645397,1.7_0.3,26.037,52.074,1.7,0.3
12,22,6,6,-163.045102645397,1.7_0.3,28.404,52.074,1.7,0.3
13,22,5,5,-163.011344937936,1.7_0.1,30.771,52.074,1.7,0.1
14,22,5,5,-163.011344937936,1.7_0.1,33.138,52.074,1.7,0.1
15,22,5,5,-163.011344937936,1.7_0.1,35.505,52.074,1.7,0.1
16,22,5,5,-163.011344937936,1.7_0.1,37.872,52.074,1.7,0.1
17,22,5,5,-163.011344937936,1.7_0.1,40.239,52.074,1.7,0.1
18,22,5,5,-163.011344937936,1.7_0.1,42.606,52.074,1.7,0.1
19,22,5,5,-163.011344937936,1.7_0.1,44.973,52.074,1.7,0.1
20,22,5,5,-163.011344937936,1.7_0.1,47.34,52.074,1.7,0.1
21,22,6,6,-163.045102645397,1.7_0.3,49.707,52.074,1.7,0.3
22,22,6,6,-163.045102645397,1.7_0.3,52.074,52.074,1.7,0.3
23,22,7,7,-164.109986003215,1.7_1.7,54.441,52.074,1.7,1.7
24,22,7,7,-164.109986003215,1.7_1.7,56.808,52.074,1.7,1.7
25,22,8,8,-206.003099050179,1.5_1.9,59.175,52.074,1.5,1.9
26,22,8,8,-206.003099050179,1.5_1.9,61.542,52.074,1.5,1.9
27,22,8,8,-206.003099050179,1.5_1.9,63.909,52.074,1.5,1.9
28,22,8,8,-206.003099050179,1.5_1.9,66.276,52.074,1.5,1.9
29,22,9,9,-218.479861015916,1.7_1.9,68.643,52.074,1.7,1.9
30,22,9,9,-218.479861015916,1.7_1.9,71.01,52.074,1.7,1.9
31,22,9,9,-218.479861015916,1.7_1.9,73.377,52.074,1.7,1.9
32,22,9,9,-218.479861015916,1.7_1.9,75.744,52.074,1.7,1.9
0,23,9,9,-218.479861015916,1.7_1.9,0.0,54.441,1.7,1.9
1,23,9,9,-218.479861015916,1.7_1.9,2.367,54.441,1.7,1.9
2,23,9,9,-218.479861015916,1.7_1.9,4.734,54.441,1.7,1.9
3,23,9,9,-218.479861015916,1.7_1.9,7.101,54.441,1.7,1.9
4,23,8,8,-206.003099050179,1.5_1.9,9.468,54.441,1.5,1.9
5,23,8,8,-206.003099050179,1.5_1.9,11.835,54.441,1.5,1.9
6,23,8,8,-206.003099050179,1.5_1.9,14.202,54.441,1.5,1.9
7,23,8,8,-206.003099050179,1.5_1.9,16.569,54.441,1.5,1.9
8,23,7,7,-164.109986003215,1.7_1.7,18.936,54.441,1.7,1.7
9,23,7,7,-164.109986003215,1.7_1.7,21.303,54.441,1.7,1.7
10,23,7,7,-164.109986003215,1.7_1.7,23.67,54.441,1.7,1.7
11,23,6,6,-163.045102645397,1.7_0.3,26.037,54.441,1.7,0.3
12,23,6,6,-163.045102645397,1.7_0.3,28.404,54.441,1.7,0.3
13,23,6,6,-163.045102645397,1.7_0.3,30.771,54.441,1.7,0.3
14,23,6,6,-163.045102645397,1.7_0.3,33.138,54.441,1.7,0.3
15,23,6,6,-163.045102645397,1.7_0.3,35.505,54.441,1.7,0.3
16,23,6,6,-163.045102645397,1.7_0.3,37.872,54.441,1.7,0.3
17,23,6,6,-163.045102645397,1.7_0.3,40.239,54.441,1.7,0.3
18,23,6,6,-163.045102645397,1.7_0.3,42.606,54.441,1.7,0.3
19,23,6,6,-163.045102645397,1.7_0.3,44.973,54.441,1.7,0.3
20,23,6,6,-163.045102645397,1.7_0.3,47.34,54.441,1.7,0.3
21,23,6,6,-163.045102645397,1.7_0.3,49.707,54.441,1.7,0.3
22,23,7,7,-164.109986003215,1.7_1.7,52.074,54.441,1.7,1.7
23,23,7,7,-164.109986003215,1.7_1.7,54.441,54.441,1.7,1.7
24,23,7,7,-164.109986003215,1.7_1.7,56.808,54.441,1.7,1.7
25,23,8,8,-206.003099050179,1.5_1.9,59.175,54.441,1.5,1.9
26,23,8,8,-206.003099050179,1.5_1.9,61.542,54.441,1.5,1.9
27,23,8,8,-206.003099050179,1.5_1.9,63.909,54.441,1.5,1.9
28,23,8,8,-206.003099050179,1.5_1.9,66.276,54.441,1.5,1.9
29,23,9,9,-218.479861015916,1.7_1.9,68.643,54.441,1.7,1.9
30,23,9,9,-218.479861015916,1.7_1.9,71.01,54.441,1.7,1.9
31,23,9,9,-218.479861015916,1.7_1.9,73.377,54.441,1.7,1.9
32,23,9,9,-218.479861015916,1.7_1.9,75.744,54.441,1.7,1.9
0,24,9,9,-218.479861015916,1.7_1.9,0.0,56.808,1.7,1.9
1,24,9,9,-218.479861015916,1.7_1.9,2.367,56.808,1.7,1.9
2,24,9,9,-218.479861015916,1.7_1.9,4.734,56.808,1.7,1.9
3,24,9,9,-218.479861015916,1.7_1.9,7.101,56.808,1.7,1.9
4,24,8,8,-206.003099050179,1.5_1.9,9.468,56.808,1.5,1.9
5,24,8,8,-206.003099050179,1.5_1.9,11.835,56.808,1.5,1.9
6,24,8,8,-206.003099050179,1.5_1.9,14.202,56.808,1.5,1.9
7,24,8,8,-206.003099050179,1.5_1.9,16.569,56.808,1.5,1.9
8,24,7,7,-164.109986003215,1.7_1.7,18.936,56.808,1.7,1.7
9,24,7,7,-164.109986003215,1.7_1.7,21.303,56.808,1.7,1.7
10,24,7,7,-164.109986003215,1.7_1.7,23.67,56.808,1.7,1.7
11,24,7,7,-164.109986003215,1.7_1.7,26.037,56.808,1.7,1.7
12,24,7,7,-164.109986003215,1.7_1.7,28.404,56.808,1.7,1.7
13,24,6,6,-163.045102645397,1.7_0.3,30.771,56.808,1.7,0.3
14,24,6,6,-163.045102645397,1.7_0.3,33.138,56.808,1.7,0.3
15,24,6,6,-163.045102645397,1.7_0.3,35.505,56.808,1.7,0.3
16,24,6,6,-163.045102645397,1.7_0.3,37.872,56.808,1.7,0.3
17,24,6,6,-163.045102645397,1.7_0.3,40.239,56.808,1.7,0.3
18,24,6,6,-163.045102645397,1.7_0.3,42.606,56.808,1.7,0.3
19,24,6,6,-163.045102645397,1.7_0.3,44.973,56.808,1.7,0.3
20,24,6,6,-163.045102645397,1.7_0.3,47.34,56.808,1.7,0.3
21,24,7,7,-164.109986003215,1.7_1.7,49.707,56.808,1.7,1.7
22,24,7,7,-164.109986003215,1.7_1.7,52.074,56.808,1.7,1.7
23,24,7,7,-164.109986003215,1.7_1.7,54.441,56.808,1.7,1.7
24,24,7,7,-164.109986003215,1.7_1.7,56.808,56.808,1.7,1.7
25,24,8,8,-206.003099050179,1.5_1.9,59.175,56.808,1.5,1.9
26,24,8,8,-206.003099050179,1.5_1.9,61.542,56.808,1.5,1.9
27,24,8,8,-206.003099050179,1.5_1.9,63.909,56.808,1.5,1.9
28,24,8,8,-206.003099050179,1.5_1.9,66.276,56.808,1.5,1.9
29,24,9,9,-218.479861015916,1.7_1.9,68.643,56.808,1.7,1.9
30,24,9,9,-218.479861015916,1.7_1.9,71.01,56.808,1.7,1.9
31,24,9,9,-218.479861015916,1.7_1.9,73.377,56.808,1.7,1.9
32,24,9,9,-218.479861015916,1.7_1.9,75.744,56.808,1.7,1.9
0,25,9,9,-218.479861015916,1.7_1.9,0.0,59.175,1.7,1.9
1,25,9,9,-218.479861015916,1.7_1.9,2.367,59.175,1.7,1.9
2,25,9,9,-218.479861015916,1.7_1.9,4.734,59.175,1.7,1.9
3,25,9,9,-218.479861015916,1.7_1.9,7.101,59.175,1.7,1.9
4,25,9,9,-218.479861015916,1.7_1.9,9.468,59.175,1.7,1.9
5,25,8,8,-206.003099050179,1.5_1.9,11.835,59.175,1.5,1.9
6,25,8,8,-206.003099050179,1.5_1.9,14.202,59.175,1.5,1.9
7,25,8,8,-206.003099050179,1.5_1.9,16.569,59.175,1.5,1.9
8,25,8,8,-206.003099050179,1.5_1.9,18.936,59.175,1.5,1.9
9,25,7,7,-164.109986003215,1.7_1.7,21.303,59.175,1.7,1.7
10,25,7,7,-164.109986003215,1.7_1.7,23.67,59.175,1.7,1.7
11,25,7,7,-164.109986003215,1.7_1.7,26.037,59.175,1.7,1.7
12,25,7,7,-164.109986003215,1.7_1.7,28.404,59.175,1.7,1.7
13,25,7,7,-164.109986003215,1.7_1.7,30.771,59.175,1.7,1.7
14,25,7,7,-164.109986003215,1.7_1.7,33.138,59.175,1.7,1.7
15,25,7,7,-164.109986003215,1.7_1.7,35.505,59.175,1.7,1.7
16,25,7,7,-164.109986003215,1.7_1.7,37.872,59.175,1.7,1.7
17,25,7,7,-164.109986003215,1.7_1.7,40.239,59.175,1.7,1.7
18,25,7,7,-164.109986003215,1.7_1.7,42.606,59.175,1.7,1.7
19,25,7,7,-164.109986003215,1.7_1.7,44.973,59.175,1.7,1.7
20,25,7,7,-164.109986003215,1.7_1.7,47.34,59.175,1.7,1.7
21,25,7,7,-164.109986003215,1.7_1.7,49.707,59.175,1.7,1.7
22,25,7,7,-164.109986003215,1.7_1.7,52.074,59.175,1.7,1.7
23,25,7,7,-164.109986003215,1.7_1.7,54.441,59.175,1.7,1.7
24,25,8,8,-206.003099050179,1.5_1.9,56.808,59.175,1.5,1.9
25,25,8,8,-206.003099050179,1.5_1.9,59.175,59.175,1.5,1.9
26,25,8,8,-206.003099050179,1.5_1.9,61.542,59.175,1.5,1.9
27,25,8,8,-206.003099050179,1.5_1.9,63.909,59.175,1.5,1.9
28,25,9,9,-218.479861015916,1.7_1.9,66.276,59.175,1.7,1.9
29,25,9,9,-218.479861015916,1.7_1.9,68.643,59.175,1.7,1.9
30,25,9,9,-218.479861015916,1.7_1.9,71.01,59.175,1.7,1.9
31,25,9,9,-218.479861015916,1.7_1.9,73.377,59.175,1.7,1.9
32,25,9,9,-218.479861015916,1.7_1.9,75.744,59.175,1.7,1.9
0,26,9,9,-218.479861015916,1.7_1.9,0.0,61.542,1.7,1.9
1,26,9,9,-218.479861015916,1.7_1.9,2.367,61.542,1.7,1.9
2,26,9,9,-218.479861015916,1.7_1.9,4.734,61.542,1.7,1.9
3,26,9,9,-218.479861015916,1.7_1.9,7.101,61.542,1.7,1.9
4,26,9,9,-218.479861015916,1.7_1.9,9.468,61.542,1.7,1.9
5,26,9,9,-218.479861015916,1.7_1.9,11.835,61.542,1.7,1.9
6,26,8,8,-206.003099050179,1.5_1.9,14.202,61.542,1.5,1.9
7,26,8,8,-206.003099050179,1.5_1.9,16.569,61.542,1.5,1.9
8,26,8,8,-206.003099050179,1.5_1.9,18.936,61.542,1.5,1.9
9,26,8,8,-206.003099050179,1.5_1.9,21.303,61.542,1.5,1.9
10,26,8,8,-206.003099050179,1.5_1.9,23.67,61.542,1.5,1.9
11,26,7,7,-164.109986003215,1.7_1.7,26.037,61.542,1.7,1.7
12,26,7,7,-164.109986003215,1.7_1.7,28.404,61.542,1.7,1.7
13,26,7,7,-164.109986003215,1.7_1.7,30.771,61.542,1.7,1.7
14,26,7,7,-164.109986003215,1.7_1.7,33.138,61.542,1.7,1.7
15,26,7,7,-164.109986003215,1.7_1.7,35.505,61.542,1.7,1.7
16,26,7,7,-164.109986003215,1.7_1.7,37.872,61.542,1.7,1.7
17,26,7,7,-164.109986003215,1.7_1.7,40.239,61.542,1.7,1.7
18,26,7,7,-164.109986003215,1.7_1.7,42.606,61.542,1.7,1.7
19,26,7,7,-164.109986003215,1.7_1.7,44.973,61.542,1.7,1.7
20,26,7,7,-164.109986003215,1.7_1.7,47.34,61.542,1.7,1.7
21,26,7,7,-164.109986003215,1.7_1.7,49.707,61.542,1.7,1.7
22,26,7,7,-164.109986003215,1.7_1.7,52.074,61.542,1.7,1.7
23,26,8,8,-206.003099050179,1.5_1.9,54.441,61.542,1.5,1.9
24,26,8,8,-206.003099050179,1.5_1.9,56.808,61.542,1.5,1.9
25,26,8,8,-206.003099050179,1.5_1.9,59.175,61.542,1.5,1.9
26,26,8,8,-206.003099050179,1.5_1.9,61.542,61.542,1.5,1.9
27,26,9,9,-218.479861015916,1.7_1.9,63.909,61.542,1.7,1.9
28,26,9,9,-218.479861015916,1.7_1.9,66.276,61.542,1.7,1.9
29,26,9,9,-218.479861015916,1.7_1.9,68.643,61.542,1.7,1.9
30,26,9,9,-218.479861015916,1.7_1.9,71.01,61.542,1.7,1.9
31,26,9,9,-218.479861015916,1.7_1.9,73.377,61.542,1.7,1.9
32,26,9,9,-218.479861015916,1.7_1.9,75.744,61.542,1.7,1.9
0,27,9,9,-218.479861015916,1.7_1.9,0.0,63.909,1.7,1.9
1,27,9,9,-218.479861015916,1.7_1.9,2.367,63.909,1.7,1.9
2,27,9,9,-218.479861015916,1.7_1.9,4.734,63.909,1.7,1.9
3,27,9,9,-218.479861015916,1.7_1.9,7.101,63.909,1.7,1.9
4,27,9,9,-218.479861015916,1.7_1.9,9.468,63.909,1.7,1.9
5,27,9,9,-218.479861015916,1.7_1.9,11.835,63.909,1.7,1.9
6,27,9,9,-218.479861015916,1.7_1.9,14.202,63.909,1.7,1.9
7,27,8,8,-206.003099050179,1.5_1.9,16.569,63.909,1.5,1.9
8,27,8,8,-206.003099050179,1.5_1.9,18.936,63.909,1.5,1.9
9,27,8,8,-206.003099050179,1.5_1.9,21.303,63.909,1.5,1.9
10,27,8,8,-206.003099050179,1.5_1.9,23.67,63.909,1.5,1.9
11,27,8,8,-206.003099050179,1.5_1.9,26.037,63.909,1.5,1.9
12,27,8,8,-206.003099050179,1.5_1.9,28.404,63.909,1.5,1.9
13,27,8,8,-206.003099050179,1.5_1.9,30.771,63.909,1.5,1.9
14,27,8,8,-206.003099050179,1.5_1.9,33.138,63.909,1.5,1.9
15,27,8,8,-206.003099050179,1.5_1.9,35.505,63.909,1.5,1.9
16,27,8,8,-206.003099050179,1.5_1.9,37.872,63.909,1.5,1.9
17,27,8,8,-206.003099050179,1.5_1.9,40.239,63.909,1.5,1.9
18,27,8,8,-206.003099050179,1.5_1.9,42.606,63.909,1.5,1.9
19,27,8,8,-206.003099050179,1.5_1.9,44.973,63.909,1.5,1.9
20,27,8,8,-206.003099050179,1.5_1.9,47.34,63.909,1.5,1.9
21,27,8,8,-206.003099050179,1.5_1.9,49.707,63.909,1.5,1.9
22,27,8,8,-206.003099050179,1.5_1.9,52.074,63.909,1.5,1.9
23,27,8,8,-206.003099050179,1.5_1.9,54.441,63.909,1.5,1.9
24,27,8,8,-206.003099050179,1.5_1.9,56.808,63.909,1.5,1.9
25,27,8,8,-206.003099050179,1.5_1.9,59.175,63.909,1.5,1.9
26,27,9,9,-218.479861015916,1.7_1.9,61.542,63.909,1.7,1.9
27,27,9,9,-218.479861015916,1.7_1.9,63.909,63.909,1.7,1.9
28,27,9,9,-218.479861015916,1.7_1.9,66.276,63.909,1.7,1.9
29,27,9,9,-218.479861015916,1.7_1.9,68.643,63.909,1.7,1.9
30,27,9,9,-218.479861015916,1.7_1.9,71.01,63.909,1.7,1.9
31,27,9,9,-218.479861015916,1.7_1.9,73.377,63.909,1.7,1.9
32,27,9,9,-218.479861015916,1.7_1.9,75.744,63.909,1.7,1.9
0,28,9,9,-218.479861015916,1.7_1.9,0.0,66.276,1.7,1.9
1,28,9,9,-218.479861015916,1.7_1.9,2.367,66.276,1.7,1.9
2,28,9,9,-218.479861015916,1.7_1.9,4.734,66.276,1.7,1.9
3,28,9,9,-218.479861015916,1.7_1.9,7.101,66.276,1.7,1.9
4,28,9,9,-218.479861015916,1.7_1.9,9.468,66.276,1.7,1.9
5,28,9,9,-218.479861015916,1.7_1.9,11.835,66.276,1.7,1.9
6,28,9,9,-218.479861015916,1.7_1.9,14.202,66.276,1.7,1.9
7,28,9,9,-218.479861015916,1.7_1.9,16.569,66.276,1.7,1.9
8,28,8,8,-206.003099050179,1.5_1.9,18.936,66.276,1.5,1.9
9,28,8,8,-206.003099050179,1.5_1.9,21.303,66.276,1.5,1.9
10,28,8,8,-206.003099050179,1.5_1.9,23.67,66.276,1.5,1.9
11,28,8,8,-206.003099050179,1.5_1.9,26.037,66.276,1.5,1.9
12,28,8,8,-206.003099050179,1.5_1.9,28.404,66.276,1.5,1.9
13,28,8,8,-206.003099050179,1.5_1.9,30.771,66.276,1.5,1.9
14,28,8,8,-206.003099050179,1.5_1.9,33.138,66.276,1.5,1.9
15,28,8,8,-206.003099050179,1.5_1.9,35.505,66.276,1.5,1.9
16,28,8,8,-206.003099050179,1.5_1.9,37.872,66.276,1.5,1.9
17,28,8,8,-206.003099050179,1.5_1.9,40.239,66.276,1.5,1.9
18,28,8,8,-206.003099050179,1.5_1.9,42.606,66.276,1.5,1.9
19,28,8,8,-206.003099050179,1.5_1.9,44.973,66.276,1.5,1.9
20,28,8,8,-206.003099050179,1.5_1.9,47.34,66.276,1.5,1.9
21,28,8,8,-206.003099050179,1.5_1.9,49.707,66.276,1.5,1.9
22,28,8,8,-206.003099050179,1.5_1.9,52.074,66.276,1.5,1.9
23,28,8,8,-206.003099050179,1.5_1.9,54.441,66.276,1.5,1.9
24,28,8,8,-206.003099050179,1.5_1.9,56.808,66.276,1.5,1.9
25,28,9,9,-218.479861015916,1.7_1.9,59.175,66.276,1.7,1.9
26,28,9,9,-218.479861015916,1.7_1.9,61.542,66.276,1.7,1.9
27,28,9,9,-218.479861015916,1.7_1.9,63.909,66.276,1.7,1.9
28,28,9,9,-218.479861015916,1.7_1.9,66.276,66.276,1.7,1.9
29,28,9,9,-218.479861015916,1.7_1.9,68.643,66.276,1.7,1.9
30,28,9,9,-218.479861015916,1.7_1.9,71.01,66.276,1.7,1.9
31,28,9,9,-218.479861015916,1.7_1.9,73.377,66.276,1.7,1.9
32,28,9,9,-218.479861015916,1.7_1.9,75.744,66.276,1.7,1.9
0,29,9,9,-218.479861015916,1.7_1.9,0.0,68.643,1.7,1.9
1,29,9,9,-218.479861015916,1.7_1.9,2.367,68.643,1.7,1.9
2,29,9,9,-218.479861015916,1.7_1.9,4.734,68.643,1.7,1.9
3,29,9,9,-218.479861015916,1.7_1.9,7.101,68.643,1.7,1.9
4,29,9,9,-218.479861015916,1.7_1.9,9.468,68.643,1.7,1.9
5,29,9,9,-218.479861015916,1.7_1.9,11.835,68.643,1.7,1.9
6,29,9,9,-218.479861015916,1.7_1.9,14.202,68.643,1.7,1.9
7,29,9,9,-218.479861015916,1.7_1.9,16.569,68.643,1.7,1.9
8,29,9,9,-218.479861015916,1.7_1.9,18.936,68.643,1.7,1.9
9,29,8,8,-206.003099050179,1.5_1.9,21.303,68.643,1.5,1.9
10,29,8,8,-206.003099050179,1.5_1.9,23.67,68.643,1.5,1.9
11,29,8,8,-206.003099050179,1.5_1.9,26.037,68.643,1.5,1.9
12,29,8,8,-206.003099050179,1.5_1.9,28.404,68.643,1.5,1.9
13,29,8,8,-206.003099050179,1.5_1.9,30.771,68.643,1.5,1.9
14,29,8,8,-206.003099050179,1.5_1.9,33.138,68.643,1.5,1.9
15,29,8,8,-206.003099050179,1.5_1.9,35.505,68.643,1.5,1.9
16,29,8,8,-206.003099050179,1.5_1.9,37.872,68.643,1.5,1.9
17,29,8,8,-206.003099050179,1.5_1.9,40.239,68.643,1.5,1.9
18,29,8,8,-206.003099050179,1.5_1.9,42.606,68.643,1.5,1.9
19,29,8,8,-206.003099050179,1.5_1.9,44.973,68.643,1.5,1.9
20,29,8,8,-206.003099050179,1.5_1.9,47.34,68.643,1.5,1.9
21,29,8,8,-206.003099050179,1.5_1.9,49.707,68.643,1.5,1.9
22,29,8,8,-206.003099050179,1.5_1.9,52.074,68.643,1.5,1.9
23,29,8,8,-206.003099050179,1.5_1.9,54.441,68.643,1.5,1.9
24,29,9,9,-218.479861015916,1.7_1.9,56.808,68.643,1.7,1.9
25,29,9,9,-218.479861015916,1.7_1.9,59.175,68.643,1.7,1.9
26,29,9,9,-218.479861015916,1.7_1.9,61.542,68.643,1.7,1.9
27,29,9,9,-218.479861015916,1.7_1.9,63.909,68.643,1.7,1.9
28,29,9,9,-218.479861015916,1.7_1.9,66.276,68.643,1.7,1.9
29,29,9,9,-218.479861015916,1.7_1.9,68.643,68.643,1.7,1.9
30,29,9,9,-218.479861015916,1.7_1.9,71.01,68.643,1.7,1.9
31,29,9,9,-218.479861015916,1.7_1.9,73.377,68.643,1.7,1.9
32,29,9,9,-218.479861015916,1.7_1.9,75.744,68.643,1.7,1.9
0,30,9,9,-218.479861015916,1.7_1.9,0.0,71.01,1.7,1.9
1,30,9,9,-218.479861015916,1.7_1.9,2.367,71.01,1.7,1.9
2,30,9,9,-218.479861015916,1.7_1.9,4.734,71.01,1.7,1.9
3,30,9,9,-218.479861015916,1.7_1.9,7.101,71.01,1.7,1.9
4,30,9,9,-218.479861015916,1.7_1.9,9.468,71.01,1.7,1.9
5,30,9,9,-218.479861015916,1.7_1.9,11.835,71.01,1.7,1.9
6,30,9,9,-218.479861015916,1.7_1.9,14.202,71.01,1.7,1.9
7,30,9,9,-218.479861015916,1.7_1.9,16.569,71.01,1.7,1.9
8,30,9,9,-218.479861015916,1.7_1.9,18.936,71.01,1.7,1.9
9,30,9,9,-218.479861015916,1.7_1.9,21.303,71.01,1.7,1.9
10,30,8,8,-206.003099050179,1.5_1.9,23.67,71.01,1.5,1.9
11,30,8,8,-206.003099050179,1.5_1.9,26.037,71.01,1.5,1.9
12,30,8,8,-206.003099050179,1.5_1.9,28.404,71.01,1.5,1.9
13,30,8,8,-206.003099050179,1.5_1.9,30.771,71.01,1.5,1.9
14,30,8,8,-206.003099050179,1.5_1.9,33.138,71.01,1.5,1.9
15,30,8,8,-206.003099050179,1.5_1.9,35.505,71.01,1.5,1.9
16,30,8,8,-206.003099050179,1.5_1.9,37.872,71.01,1.5,1.9
17,30,8,8,-206.003099050179,1.5_1.9,40.239,71.01,1.5,1.9
18,30,8,8,-206.003099050179,1.5_1.9,42.606,71.01,1.5,1.9
19,30,8,8,-206.003099050179,1.5_1.9,44.973,71.01,1.5,1.9
20,30,8,8,-206.003099050179,1.5_1.9,47.34,71.01,1.5,1.9
21,30,8,8,-206.003099050179,1.5_1.9,49.707,71.01,1.5,1.9
22,30,8,8,-206.003099050179,1.5_1.9,52.074,71.01,1.5,1.9
23,30,9,9,-218.479861015916,1.7_1.9,54.441,71.01,1.7,1.9
24,30,9,9,-218.479861015916,1.7_1.9,56.808,71.01,1.7,1.9
25,30,9,9,-218.479861015916,1.7_1.9,59.175,71.01,1.7,1.9
26,30,9,9,-218.479861015916,1.7_1.9,61.542,71.01,1.7,1.9
27,30,9,9,-218.479861015916,1.7_1.9,63.909,71.01,1.7,1.9
28,30,9,9,-218.479861015916,1.7_1.9,66.276,71.01,1.7,1.9
29,30,9,9,-218.479861015916,1.7_1.9,68.643,71.01,1.7,1.9
30,30,9,9,-218.479861015916,1.7_1.9,71.01,71.01,1.7,1.9
31,30,9,9,-218.479861015916,1.7_1.9,73.377,71.01,1.7,1.9
32,30,9,9,-218.479861015916,1.7_1.9,75.744,71.01,1.7,1.9
0,31,9,9,-218.479861015916,1.7_1.9,0.0,73.377,1.7,1.9
1,31,9,9,-218.479861015916,1.7_1.9,2.367,73.377,1.7,1.9
2,31,9,9,-218.479861015916,1.7_1.9,4.734,73.377,1.7,1.9
3,31,9,9,-218.479861015916,1.7_1.9,7.101,73.377,1.7,1.9
4,31,9,9,-218.479861015916,1.7_1.9,9.468,73.377,1.7,1.9
5,31,9,9,-218.479861015916,1.7_1.9,11.835,73.377,1.7,1.9
6,31,9,9,-218.479861015916,1.7_1.9,14.202,73.377,1.7,1.9
7,31,9,9,-218.479861015916,1.7_1.9,16.569,73.377,1.7,1.9
8,31,9,9,-218.479861015916,1.7_1.9,18.936,73.377,1.7,1.9
9,31,9,9,-218.479861015916,1.7_1.9,21.303,73.377,1.7,1.9
10,31,9,9,-218.479861015916,1.7_1.9,23.67,73.377,1.7,1.9
11,31,9,9,-218.479861015916,1.7_1.9,26.037,73.377,1.7,1.9
12,31,9,9,-218.479861015916,1.7_1.9,28.404,73.377,1.7,1.9
13,31,9,9,-218.479861015916,1.7_1.9,30.771,73.377,1.7,1.9
14,31,9,9,-218.479861015916,1.7_1.9,33.138,73.377,1.7,1.9
15,31,9,9,-218.479861015916,1.7_1.9,35.505,73.377,1.7,1.9
16,31,9,9,-218.479861015916,1.7_1.9,37.872,73.377,1.7,1.9
17,31,9,9,-218.479861015916,1.7_1.9,40.239,73.377,1.7,1.9
18,31,9,9,-218.479861015916,1.7_1.9,42.606,73.377,1.7,1.9
19,31,9,9,-218.479861015916,1.7_1.9,44.973,73.377,1.7,1.9
20,31,9,9,-218.479861015916,1.7_1.9,47.34,73.377,1.7,1.9
21,31,9,9,-218.479861015916,1.7_1.9,49.707,73.377,1.7,1.9
22,31,9,9,-218.479861015916,1.7_1.9,52.074,73.377,1.7,1.9
23,31,9,9,-218.479861015916,1.7_1.9,54.441,73.377,1.7,1.9
24,31,9,9,-218.479861015916,1.7_1.9,56.808,73.377,1.7,1.9
25,31,9,9,-218.479861015916,1.7_1.9,59.175,73.377,1.7,1.9
26,31,9,9,-218.479861015916,1.7_1.9,61.542,73.377,1.7,1.9
27,31,9,9,-218.479861015916,1.7_1.9,63.909,73.377,1.7,1.9
28,31,9,9,-218.479861015916,1.7_1.9,66.276,73.377,1.7,1.9
29,31,9,9,-218.479861015916,1.7_1.9,68.643,73.377,1.7,1.9
30,31,9,9,-218.479861015916,1.7_1.9,71.01,73.377,1.7,1.9
31,31,9,9,-218.479861015916,1.7_1.9,73.377,73.377,1.7,1.9
32,31,9,9,-218.479861015916,1.7_1.9,75.744,73.377,1.7,1.9
0,32,9,9,-218.479861015916,1.7_1.9,0.0,75.744,1.7,1.9
1,32,9,9,-218.479861015916,1.7_1.9,2.367,75.744,1.7,1.9
2,32,9,9,-218.479861015916,1.7_1.9,4.734,75.744,1.7,1.9
3,32,9,9,-218.479861015916,1.7_1.9,7.101,75.744,1.7,1.9
4,32,9,9,-218.479861015916,1.7_1.9,9.468,75.744,1.7,1.9
5,32,9,9,-218.479861015916,1.7_1.9,11.835,75.744,1.7,1.9
6,32,9,9,-218.479861015916,1.7_1.9,14.202,75.744,1.7,1.9
7,32,9,9,-218.479861015916,1.7_1.9,16.569,75.744,1.7,1.9
8,32,9,9,-218.479861015916,1.7_1.9,18.936,75.744,1.7,1.9
9,32,9,9,-218.479861015916,1.7_1.9,21.303,75.744,1.7,1.9
10,32,9,9,-218.479861015916,1.7_1.9,23.67,75.744,1.7,1.9
11,32,9,9,-218.479861015916,1.7_1.9,26.037,75.744,1.7,1.9
12,32,9,9,-218.479861015916,1.7_1.9,28.404,75.744,1.7,1.9
13,32,9,9,-218.479861015916,1.7_1.9,30.771,75.744,1.7,1.9
14,32,9,9,-218.479861015916,1.7_1.9,33.138,75.744,1.7,1.9
15,32,9,9,-218.479861015916,1.7_1.9,35.505,75.744,1.7,1.9
16,32,9,9,-218.479861015916,1.7_1.9,37.872,75.744,1.7,1.9
17,32,9,9,-218.479861015916,1.7_1.9,40.239,75.744,1.7,1.9
18,32,9,9,-218.479861015916,1.7_1.9,42.606,75.744,1.7,1.9
19,32,9,9,-218.479861015916,1.7_1.9,44.973,75.744,1.7,1.9
20,32,9,9,-218.479861015916,1.7_1.9,47.34,75.744,1.7,1.9
21,32,9,9,-218.479861015916,1.7_1.9,49.707,75.744,1.7,1.9
22,32,9,9,-218.479861015916,1.7_1.9,52.074,75.744,1.7,1.9
23,32,9,9,-218.479861015916,1.7_1.9,54.441,75.744,1.7,1.9
24,32,9,9,-218.479861015916,1.7_1.9,56.808,75.744,1.7,1.9
25,32,9,9,-218.479861015916,1.7_1.9,59.175,75.744,1.7,1.9
26,32,9,9,-218.479861015916,1.7_1.9,61.542,75.744,1.7,1.9
27,32,9,9,-218.479861015916,1.7_1.9,63.909,75.744,1.7,1.9
28,32,9,9,-218.479861015916,1.7_1.9,66.276,75.744,1.7,1.9
29,32,9,9,-218.479861015916,1.7_1.9,68.643,75.744,1.7,1.9
30,32,9,9,-218.479861015916,1.7_1.9,71.01,75.744,1.7,1.9
31,32,9,9,-218.479861015916,1.7_1.9,73.377,75.744,1.7,1.9
32,32,9,9,-218.479861015916,1.7_1.9,75.744,75.744,1.7,1.9
